课程名称,课程代码,课程类别,授课语言,授课教师,计分方式,学分,上课信息,容量/已选,开课学院
生物学原理,BIO103,通识必修课,双语,"鲍志戎,王晓晨,温子龙,吴柘",十三级制,3.0,"1-16周,星期一第3-4节 一教321; 1-15单周,星期三第1-2节 一教321",40/0,生物系
生物学原理,BIO103,通识必修课,双语,"鲍志戎,陈炜,王晓晨,温子龙,吴柘",十三级制,3.0,"1-16周,星期二第3-4节 一教321; 1-15单周,星期四第1-2节 一教321",40/0,生物系
生物学原理,BIO103,通识必修课,双语,"陈炜,鲍志戎,王晓晨,欧西军,郭红卫",十三级制,3.0,"1-16周,星期三第7-8节 一教321; 1-15单周,星期五第5-6节 一教321",40/1,生物系
生物学原理,BIO103,通识必修课,英文,"鲍志戎,赵燕,温子龙,吴柘",十三级制,3.0,"1-16周,星期三第7-8节 一教322; 1-15单周,星期五第5-6节 一教322",40/0,生物系
化学原理,CH103,通识必修课,双语,谭斌,十三级制,4.0,"1-16周,星期三第7-8节 智华楼102; 1-16周,星期五第5-6节 智华楼102",70/0,化学系
化学原理,CH103,通识必修课,双语,许宗祥,十三级制,4.0,"1-16周,星期一第3-4节 智华楼102; 1-16周,星期三第1-2节 智华楼102",70/0,化学系
化学原理,CH103,通识必修课,双语,权泽卫,十三级制,4.0,"1-16周,星期二第3-4节 智华楼104; 1-16周,星期四第1-2节 智华楼104",70/0,化学系
化学原理,CH103,通识必修课,双语,张元竹,十三级制,4.0,"1-16周,星期二第3-4节 智华楼102; 1-16周,星期四第1-2节 智华楼102",70/1,化学系
化学原理,CH103,通识必修课,双语,邓敏,十三级制,4.0,"1-16周,星期三第7-8节 智华楼104; 1-16周,星期五第5-6节 智华楼104",70/0,化学系
化学原理,CH103,通识必修课,双语,郄博宇,十三级制,4.0,"1-16周,星期一第3-4节 智华楼202; 1-16周,星期三第1-2节 智华楼202",70/0,化学系
化学原理,CH103,通识必修课,英文,郑添裕,十三级制,4.0,"1-16周,星期三第7-8节 智华楼202; 1-16周,星期五第5-6节 智华楼202",70/0,化学系
EAP,CLE030,通识必修课,英文,李卓,十三级制,2.0,"1-16周,星期一第3-4节 一教302",29/6,语言中心
EAP,CLE030,通识必修课,英文,李卓,十三级制,2.0,"1-16周,星期一第5-6节 一教302",29/12,语言中心
EAP,CLE030,通识必修课,英文,李卓,十三级制,2.0,"1-16周,星期二第3-4节 一教302",29/5,语言中心
EAP,CLE030,通识必修课,英文,李卓,十三级制,2.0,"1-16周,星期二第5-6节 一教302",29/2,语言中心
EAP,CLE030,通识必修课,英文,李卓,十三级制,2.0,"1-16周,星期三第3-4节 一教302",29/3,语言中心
EAP,CLE030,通识必修课,英文,李卓,十三级制,2.0,"1-16周,星期三第5-6节 一教302",29/3,语言中心
EAP,CLE030,通识必修课,英文,李卓,十三级制,2.0,"1-16周,星期四第3-4节 一教302",29/6,语言中心
EAP,CLE030,通识必修课,英文,李卓,十三级制,2.0,"1-16周,星期五第3-4节 一教302",29/3,语言中心
EAP,CLE030,通识必修课,英文,石潇,十三级制,2.0,"1-16周,星期二第5-6节 一教220",29/0,语言中心
EAP,CLE030,通识必修课,英文,石潇,十三级制,2.0,"1-16周,星期二第7-8节 一教220",29/3,语言中心
EAP,CLE030,通识必修课,英文,石潇,十三级制,2.0,"1-16周,星期三第3-4节 一教320",29/3,语言中心
EAP,CLE030,通识必修课,英文,石潇,十三级制,2.0,"1-16周,星期三第5-6节 一教320",29/5,语言中心
EAP,CLE030,通识必修课,英文,石潇,十三级制,2.0,"1-16周,星期三第7-8节 一教320",29/4,语言中心
EAP,CLE030,通识必修课,英文,石潇,十三级制,2.0,"1-16周,星期五第3-4节 一教320",29/1,语言中心
EAP,CLE030,通识必修课,英文,石潇,十三级制,2.0,"1-16周,星期五第5-6节 一教320",29/5,语言中心
EAP,CLE030,通识必修课,英文,石潇,十三级制,2.0,"1-16周,星期五第7-8节 一教320",29/1,语言中心
EAP,CLE030,通识必修课,英文,褚彧,十三级制,2.0,"1-16周,星期一第3-4节 一教504",29/0,语言中心
EAP,CLE030,通识必修课,英文,褚彧,十三级制,2.0,"1-16周,星期一第5-6节 一教504",29/0,语言中心
EAP,CLE030,通识必修课,英文,褚彧,十三级制,2.0,"1-16周,星期一第7-8节 一教504",29/2,语言中心
EAP,CLE030,通识必修课,英文,褚彧,十三级制,2.0,"1-16周,星期二第1-2节 一教504",29/2,语言中心
EAP,CLE030,通识必修课,英文,褚彧,十三级制,2.0,"1-16周,星期二第3-4节 一教504",29/1,语言中心
EAP,CLE030,通识必修课,英文,褚彧,十三级制,2.0,"1-16周,星期二第7-8节 一教504",29/0,语言中心
EAP,CLE030,通识必修课,英文,褚彧,十三级制,2.0,"1-16周,星期三第1-2节 一教504",29/0,语言中心
EAP,CLE030,通识必修课,英文,褚彧,十三级制,2.0,"1-16周,星期四第1-2节 一教504",29/1,语言中心
Java程序设计基础,CS110,通识必修课,英文,危学涛,十三级制,3.0,"1-16周,星期二第1-2节 智华楼306; 1-16周,星期二第3-4节 智华楼509机房",45/0,计算机科学与工程系
C程序设计基础,CS111,通识必修课,英文,王文锦,十三级制,3.0,"1-16周,星期五第5-6节 智华楼108; 1-16周,星期五第7-8节 智华楼508机房",140/7,计算机科学与工程系
C程序设计基础,CS111,通识必修课,英文,HONG ZHANG（张宏）,十三级制,3.0,"1周,星期一第7-8节 一教527; 2-16周,星期一第7-8节 智华楼506机房; 主任务: 1-16周,星期五第3-4节 一教110",80/3,计算机科学与工程系
Python程序设计基础,CS112,通识必修课,英文,帅世民,十三级制,3.0,"1-16周,星期五第5-6节 智华楼305; 1-16周,星期五第7-8节 智华楼510机房",40/3,计算机科学与工程系
Python程序设计基础,CS112,通识必修课,双语,冯宇亮,十三级制,3.0,"1-16周,星期一第7-8节 智华楼306; 1-16周,星期一第9-10节 智华楼509机房",40/1,计算机科学与工程系
Python程序设计基础,CS112,通识必修课,双语,苑秋月,十三级制,3.0,"1-16周,星期五第7-8节 智华楼306; 1-16周,星期五第9-10节 智华楼509机房",40/2,计算机科学与工程系
Python程序设计基础,CS112,通识必修课,双语,李职秀,十三级制,3.0,"1-16周,星期三第5-6节 智华楼509机房; 1-16周,星期三第7-8节 智华楼509机房",40/0,计算机科学与工程系
Python程序设计基础,CS112,通识必修课,双语,魏晟,十三级制,3.0,"1-16周,星期一第7-8节 智华楼510机房; 1-16周,星期一第9-10节 智华楼510机房",40/7,计算机科学与工程系
Python程序设计基础,CS112,通识必修课,双语,刘小敏,十三级制,3.0,"1-16周,星期二第5-6节 智华楼509机房; 1-16周,星期二第7-8节 智华楼509机房",40/1,计算机科学与工程系
Python程序设计基础,CS112,通识必修课,双语,鲁昊骋,十三级制,3.0,"1-16周,星期二第7-8节 智华楼510机房; 1-16周,星期二第9-10节 智华楼510机房",40/1,计算机科学与工程系
Python程序设计基础,CS112,通识必修课,双语,罗彬,十三级制,3.0,"1-16周,星期二第7-8节 智华楼305; 1-16周,星期二第9-10节 智华楼509机房",40/0,计算机科学与工程系
Matlab程序设计基础,CS113,通识必修课,英文,王怡然,十三级制,3.0,"1-16周,星期一第7-8节 智华楼511机房; 1-16周,星期一第9-10节 智华楼507机房",47/4,计算机科学与工程系
大学地球科学,EOE111,通识必修课,英文,MIAN LIU,十三级制,3.0,"1-16周,星期一第3-4节 智华楼307; 1-15单周,星期三第1-2节 智华楼307",35/1,地球与空间科学系
大学地球科学,EOE111,通识必修课,双语,张伟,十三级制,3.0,"1-16周,星期二第3-4节 智华楼307; 2-16双周,星期四第1-2节 智华楼307",35/1,地球与空间科学系
大学地球科学,EOE111,通识必修课,双语,罗海澎,十三级制,3.0,"1-15单周,星期二第5-6节 智华楼307; 1-16周,星期五第7-8节 智华楼307",35/0,地球与空间科学系
大学地球科学,EOE111,通识必修课,双语,刘青松,十三级制,3.0,"1-15单周,星期二第1-2节 智华楼307; 1-16周,星期四第3-4节 智华楼307",35/1,地球与空间科学系
大学地球科学,EOE111,通识必修课,双语,徐景平,十三级制,3.0,"1-15单周,星期一第5-6节 智华楼307; 1-16周,星期三第5-6节 智华楼307",35/0,地球与空间科学系
大学地球科学,EOE111,通识必修课,双语,周祐民,十三级制,3.0,"1-16周,星期三第7-8节 智华楼307; 2-16双周,星期五第5-6节 智华楼307",35/5,地球与空间科学系
大学地球科学,EOE111,通识必修课,双语,叶建淮,十三级制,3.0,"1-16周,星期三第7-8节 智华楼306; 1-15单周,星期五第5-6节 智华楼306",35/4,地球与空间科学系
大学地球科学,EOE111,通识必修课,双语,王辰,十三级制,3.0,"1-16周,星期二第7-8节 智华楼306; 1-15单周,星期五第3-4节 智华楼306",35/0,地球与空间科学系
大学地球科学,EOE111,通识必修课,双语,夏雨,十三级制,3.0,"1-16周,星期二第7-8节 智华楼307; 2-16双周,星期五第3-4节 智华楼307",35/1,地球与空间科学系
体育III,GE231,通识必修课,中文,沈莉-外聘,十三级制,1.0,"1-16周,星期一第1-2节 润杨体育馆舞蹈房",32/1,体育中心
体育III,GE231,通识必修课,中文,梁锡元,十三级制,1.0,"1-16周,星期一第3-4节 田径场",36/10,体育中心
体育III,GE231,通识必修课,中文,叶梓琪,十三级制,1.0,"1-16周,星期一第3-4节 游泳馆",36/4,体育中心
体育III,GE231,通识必修课,中文,魏伟成,十三级制,1.0,"1-16周,星期一第3-4节 风雨操场篮球场",36/0,体育中心
体育III,GE231,通识必修课,中文,侯思宇,十三级制,1.0,"1-16周,星期一第5-6节 综合训练馆与学生活动中心一楼篮球馆",36/0,体育中心
体育III,GE231,通识必修课,中文,曾煜民,十三级制,1.0,"1-16周,星期一第5-6节 润杨体育馆羽毛球场",36/2,体育中心
体育III,GE231,通识必修课,中文,周祐民,十三级制,1.0,"1-16周,星期一第7-8节 棒球场",36/4,体育中心
体育III,GE231,通识必修课,中文,魏伟成,十三级制,1.0,"1-16周,星期二第1-2节 风雨操场篮球场",36/3,体育中心
体育III,GE231,通识必修课,中文,董伦红,十三级制,1.0,"1-16周,星期二第3-4节 润杨体育馆四楼体能中心",30/1,体育中心
体育III,GE231,通识必修课,中文,卢阳,十三级制,1.0,"1-16周,星期二第3-4节 风雨操场搏击馆",34/0,体育中心
体育III,GE231,通识必修课,中文,白波,十三级制,1.0,"1-16周,星期二第3-4节 欣园网球场",36/1,体育中心
体育III,GE231,通识必修课,中文,孙颜,十三级制,1.0,"1-16周,星期二第3-4节 松禾体育场足球场",36/3,体育中心
体育III,GE231,通识必修课,中文,曾煜民,十三级制,1.0,"1-16周,星期二第5-6节 润杨体育馆羽毛球场",36/1,体育中心
体育III,GE231,通识必修课,中文,赖莎,十三级制,1.0,"1-16周,星期二第5-6节 沿湖书院舞蹈房",28/3,体育中心
体育III,GE231,通识必修课,中文,沈莉-外聘,十三级制,1.0,"1-16周,星期二第5-6节 润杨体育馆舞蹈房",32/1,体育中心
体育III,GE231,通识必修课,中文,侯思宇,十三级制,1.0,"1-16周,星期二第5-6节 综合训练馆与学生活动中心一楼篮球馆",36/1,体育中心
体育III,GE231,通识必修课,中文,白波,十三级制,1.0,"1-16周,星期二第7-8节 欣园网球场",36/4,体育中心
体育III,GE231,通识必修课,中文,赖莎,十三级制,1.0,"1-16周,星期二第9-10节 沿湖书院舞蹈房",28/7,体育中心
体育III,GE231,通识必修课,中文,梁锡元,十三级制,1.0,"1-16周,星期三第1-2节 田径场",36/12,体育中心
体育III,GE231,通识必修课,中文,曾煜民,十三级制,1.0,"1-16周,星期三第3-4节 润杨体育馆羽毛球场",36/1,体育中心
体育III,GE231,通识必修课,中文,卢阳,十三级制,1.0,"1-16周,星期三第3-4节 风雨操场搏击馆",34/4,体育中心
体育III,GE231,通识必修课,中文,叶梓琪,十三级制,1.0,"1-16周,星期三第3-4节 游泳馆",36/1,体育中心
体育III,GE231,通识必修课,中文,董伦红,十三级制,1.0,"1-16周,星期三第5-6节 润杨体育馆四楼体能中心",30/5,体育中心
体育III,GE231,通识必修课,中文,孙颜,十三级制,1.0,"1-16周,星期三第5-6节 田径场",36/2,体育中心
体育III,GE231,通识必修课,中文,侯思宇,十三级制,1.0,"1-16周,星期三第5-6节 风雨操场排球场",36/2,体育中心
体育III,GE231,通识必修课,中文,车晓曦,十三级制,1.0,"1-16周,星期三第5-6节 综合训练馆与学生活动中心二楼乒乓球馆",32/2,体育中心
体育III,GE231,通识必修课,中文,赵一品,十三级制,1.0,"1-16周,星期三第7-8节 松禾体育场足球场",36/5,体育中心
体育III,GE231,通识必修课,中文,赵洋,十三级制,1.0,"1-16周,星期三第9-10节 综合训练馆与学生活动中心三楼跆拳道馆",36/5,体育中心
体育III,GE231,通识必修课,中文,车晓曦,十三级制,1.0,"1-16周,星期四第1-2节 综合训练馆与学生活动中心二楼乒乓球馆",32/2,体育中心
体育III,GE231,通识必修课,中文,赵一品,十三级制,1.0,"1-16周,星期四第1-2节 欣园网球场",36/1,体育中心
体育III,GE231,通识必修课,中文,卢阳,十三级制,1.0,"1-16周,星期四第1-2节 风雨操场搏击馆",34/3,体育中心
体育III,GE231,通识必修课,中文,王镤,十三级制,1.0,"1-16周,星期四第3-4节 综合训练馆与学生活动中心一楼篮球馆",36/2,体育中心
体育III,GE231,通识必修课,中文,赵飞,十三级制,1.0,"1-16周,星期四第3-4节 润杨体育馆四楼体能中心",36/5,体育中心
体育III,GE231,通识必修课,中文,赵洋,十三级制,1.0,"1-16周,星期四第3-4节 综合训练馆与学生活动中心三楼跆拳道馆",36/2,体育中心
体育III,GE231,通识必修课,中文,赖莎,十三级制,1.0,"1-16周,星期四第9-10节 沿湖书院舞蹈房",28/12,体育中心
体育III,GE231,通识必修课,中文,王鑫,十三级制,1.0,"1-16周,星期五第1-2节 游泳馆",36/4,体育中心
体育III,GE231,通识必修课,中文,王镤,十三级制,1.0,"1-16周,星期五第1-2节 综合训练馆与学生活动中心一楼篮球馆",36/1,体育中心
体育III,GE231,通识必修课,中文,车晓曦,十三级制,1.0,"1-16周,星期五第5-6节 综合训练馆与学生活动中心二楼乒乓球馆",32/4,体育中心
体育III,GE231,通识必修课,中文,赵飞,十三级制,1.0,"1-16周,星期五第3-4节 润杨体育馆四楼体能中心",36/2,体育中心
体育III,GE231,通识必修课,中文,罗林斯特,十三级制,1.0,"1-16周,星期五第3-4节 田径场",36/3,体育中心
体育III,GE231,通识必修课,中文,罗林斯特,十三级制,1.0,"1-16周,星期五第5-6节 欣园军事障碍场",36/10,体育中心
体育III,GE231,通识必修课,中文,刘淑慧-外聘,十三级制,1.0,"1-16周,星期五第7-8节 综合训练馆与学生活动中心二楼舞蹈房",24/5,体育中心
体育III,GE231,通识必修课,中文,王鑫,十三级制,1.0,"1-16周,星期四第3-4节 润杨体育馆舞蹈房",32/1,体育中心
体育III,GE231,通识必修课,中文,王鑫,十三级制,1.0,"1-16周,星期五第3-4节 润杨体育馆舞蹈房",32/0,体育中心
写作与交流,HUM032,通识必修课,中文,杨果,二级制,2.0,"1-16周,星期一第9-10节 智华楼401",35/5,人文科学中心
写作与交流,HUM032,通识必修课,中文,杨果,二级制,2.0,"1-16周,星期二第3-4节 智华楼401",35/0,人文科学中心
写作与交流,HUM032,通识必修课,中文,杨果,二级制,2.0,"1-16周,星期二第5-6节 智华楼401",35/1,人文科学中心
写作与交流,HUM032,通识必修课,中文,杨果,二级制,2.0,"1-16周,星期三第5-6节 智华楼401",35/0,人文科学中心
写作与交流,HUM032,通识必修课,中文,杨莉,二级制,2.0,"1-16周,星期二第3-4节 智华楼403",35/2,人文科学中心
写作与交流,HUM032,通识必修课,中文,杨莉,二级制,2.0,"1-16周,星期二第7-8节 智华楼403",35/1,人文科学中心
写作与交流,HUM032,通识必修课,中文,杨莉,二级制,2.0,"1-16周,星期四第3-4节 智华楼403",35/1,人文科学中心
写作与交流,HUM032,通识必修课,中文,杨莉,二级制,2.0,"1-16周,星期五第3-4节 智华楼403",35/2,人文科学中心
写作与交流,HUM032,通识必修课,中文,陈劲松,二级制,2.0,"1-16周,星期一第3-4节 智华楼402",35/0,人文科学中心
写作与交流,HUM032,通识必修课,中文,陈劲松,二级制,2.0,"1-16周,星期二第5-6节 智华楼402",35/0,人文科学中心
写作与交流,HUM032,通识必修课,中文,陈劲松,二级制,2.0,"1-16周,星期三第3-4节 智华楼402",35/0,人文科学中心
写作与交流,HUM032,通识必修课,中文,陈劲松,二级制,2.0,"1-16周,星期三第5-6节 智华楼402",35/0,人文科学中心
写作与交流,HUM032,通识必修课,中文,周秀梅,二级制,2.0,"1-16周,星期三第3-4节 智华楼404",35/2,人文科学中心
写作与交流,HUM032,通识必修课,中文,周秀梅,二级制,2.0,"1-16周,星期三第7-8节 智华楼404",35/6,人文科学中心
写作与交流,HUM032,通识必修课,中文,周秀梅,二级制,2.0,"1-16周,星期四第3-4节 智华楼404",35/0,人文科学中心
写作与交流,HUM032,通识必修课,中文,周秀梅,二级制,2.0,"1-16周,星期五第3-4节 智华楼404",35/1,人文科学中心
写作与交流,HUM032,通识必修课,中文,袁博,二级制,2.0,"1-16周,星期一第7-8节 智华楼402",35/1,人文科学中心
写作与交流,HUM032,通识必修课,中文,袁博,二级制,2.0,"1-16周,星期一第9-10节 智华楼402",35/0,人文科学中心
写作与交流,HUM032,通识必修课,中文,袁博,二级制,2.0,"1-16周,星期二第9-10节 智华楼402",35/1,人文科学中心
写作与交流,HUM032,通识必修课,中文,袁博,二级制,2.0,"1-16周,星期三第9-10节 智华楼402",33/1,人文科学中心
习近平新时代中国特色社会主义思想概论,IPE100,通识必修课,中文,高玉林,十三级制,2.0,"1-16周,星期二第1-2节 一教327",100/3,马克思主义学院
习近平新时代中国特色社会主义思想概论,IPE100,通识必修课,中文,高玉林,十三级制,2.0,"1-16周,星期二第3-4节 一教327",100/1,马克思主义学院
习近平新时代中国特色社会主义思想概论,IPE100,通识必修课,中文,杨少曼,十三级制,2.0,"1-16周,星期一第3-4节 智华楼204",70/9,马克思主义学院
习近平新时代中国特色社会主义思想概论,IPE100,通识必修课,中文,杨少曼,十三级制,2.0,"1-16周,星期一第5-6节 商学院101",90/16,马克思主义学院
习近平新时代中国特色社会主义思想概论,IPE100,通识必修课,中文,杨少曼,十三级制,2.0,"1-16周,星期一第7-8节 商学院101",90/7,马克思主义学院
习近平新时代中国特色社会主义思想概论,IPE100,通识必修课,中文,杨少曼,十三级制,2.0,"1-16周,星期二第3-4节 智华楼204",70/7,马克思主义学院
习近平新时代中国特色社会主义思想概论,IPE100,通识必修课,中文,杨少曼,十三级制,2.0,"1-16周,星期二第5-6节 智华楼107",130/6,马克思主义学院
习近平新时代中国特色社会主义思想概论,IPE100,通识必修课,中文,杨少曼,十三级制,2.0,"1-16周,星期二第7-8节 智华楼107",130/9,马克思主义学院
中国近现代史纲要,IPE103,通识必修课,中文,王春英,十三级制,2.0,"1-16周,星期一第5-6节 商学院102",90/11,马克思主义学院
中国近现代史纲要,IPE103,通识必修课,中文,王春英,十三级制,2.0,"1-16周,星期一第7-8节 商学院102",90/11,马克思主义学院
中国近现代史纲要,IPE103,通识必修课,中文,王春英,十三级制,2.0,"1-16周,星期一第9-10节 智华楼108",105/17,马克思主义学院
中国近现代史纲要,IPE103,通识必修课,中文,王春英,十三级制,2.0,"1-16周,星期二第3-4节 一教108",85/6,马克思主义学院
中国近现代史纲要,IPE103,通识必修课,中文,王春英,十三级制,2.0,"1-16周,星期二第5-6节 一教108",85/3,马克思主义学院
中国近现代史纲要,IPE103,通识必修课,中文,王春英,十三级制,2.0,"1-16周,星期二第7-8节 一教108",85/8,马克思主义学院
中国近现代史纲要,IPE103,通识必修课,中文,胡光霁,十三级制,2.0,"1-16周,星期三第3-4节 商学院102",90/1,马克思主义学院
中国近现代史纲要,IPE103,通识必修课,中文,胡光霁,十三级制,2.0,"1-16周,星期四第3-4节 商学院102",90/2,马克思主义学院
毛泽东思想和中国特色社会主义理论体系概论,IPE104,通识必修课,中文,滕明政,十三级制,3.0,"1-16周,星期一第7-8节 一教107; 1-15单周,星期三第9-10节 一教107",100/27,马克思主义学院
毛泽东思想和中国特色社会主义理论体系概论,IPE104,通识必修课,中文,滕明政,十三级制,3.0,"1-16周,星期一第9-10节 一教107; 2-16双周,星期三第9-10节 一教107",100/25,马克思主义学院
毛泽东思想和中国特色社会主义理论体系概论,IPE104,通识必修课,中文,尹玮煜,十三级制,3.0,"1-16周,星期二第5-6节 一教107; 1-15单周,星期四第3-4节 一教107",100/16,马克思主义学院
毛泽东思想和中国特色社会主义理论体系概论,IPE104,通识必修课,中文,尹玮煜,十三级制,3.0,"1-16周,星期二第7-8节 一教107; 2-16双周,星期四第3-4节 一教107",100/32,马克思主义学院
思想道德与法治,IPE111,通识必修课,中文,马俊军,十三级制,2.0,"1-16周,星期一第3-4节 商学院103",81/0,马克思主义学院
思想道德与法治,IPE111,通识必修课,中文,马俊军,十三级制,2.0,"1-16周,星期一第5-6节 商学院103",81/0,马克思主义学院
思想道德与法治,IPE111,通识必修课,中文,马俊军,十三级制,2.0,"1-16周,星期二第5-6节 商学院103",81/1,马克思主义学院
思想道德与法治,IPE111,通识必修课,中文,马俊军,十三级制,2.0,"1-16周,星期三第3-4节 商学院103",81/0,马克思主义学院
思想道德与法治,IPE111,通识必修课,中文,马俊军,十三级制,2.0,"1-16周,星期三第5-6节 商学院103",81/2,马克思主义学院
思想道德与法治,IPE111,通识必修课,中文,马俊军,十三级制,2.0,"1-16周,星期四第3-4节 智华楼102",75/0,马克思主义学院
思想道德与法治,IPE111,通识必修课,中文,兰美荣,十三级制,2.0,"1-16周,星期一第5-6节 智华楼204",70/1,马克思主义学院
思想道德与法治,IPE111,通识必修课,中文,兰美荣,十三级制,2.0,"1-16周,星期一第7-8节 智华楼204",70/0,马克思主义学院
思想道德与法治,IPE111,通识必修课,中文,兰美荣,十三级制,2.0,"1-16周,星期一第9-10节 智华楼207",100/5,马克思主义学院
马克思主义基本原理,IPE112,通识必修课,中文,杨晗旭,十三级制,2.0,"1-16周,星期一第9-10节 智华楼107",110/18,马克思主义学院
马克思主义基本原理,IPE112,通识必修课,中文,杨晗旭,十三级制,2.0,"1-16周,星期二第7-8节 商学院102",80/12,马克思主义学院
马克思主义基本原理,IPE112,通识必修课,中文,杨晗旭,十三级制,2.0,"1-16周,星期二第9-10节 智华楼107",110/13,马克思主义学院
马克思主义基本原理,IPE112,通识必修课,中文,尹玮煜,十三级制,2.0,"1-16周,星期三第3-4节 智华楼208",120/7,马克思主义学院
马克思主义基本原理,IPE112,通识必修课,中文,尹玮煜,十三级制,2.0,"1-16周,星期三第5-6节 商学院101",90/2,马克思主义学院
马克思主义基本原理,IPE112,通识必修课,中文,尹玮煜,十三级制,2.0,"1-16周,星期三第7-8节 商学院101",90/4,马克思主义学院
数学分析I,MA101a,通识必修课,中文,付云皓,十三级制,5.0,"1-16周,星期一第1-2节 智华楼206; 1-16周,星期三第3-4节 智华楼206",90/0,数学系
数学分析I,MA101a,通识必修课,双语,刘博辰,十三级制,5.0,"1-16周,星期二第5-6节 智华楼106; 1-16周,星期五第7-8节 智华楼106",90/1,数学系
高等代数 I,MA107,通识必修课,中文,CAI HENG LI(李才恒),十三级制,4.0,"1-16周,星期二第1-2节 智华楼208; 1-16周,星期四第3-4节 智华楼208",100/0,数学系
普通物理学（上）,PHY101,通识必修课,双语,刘畅,十三级制,5.0,"1-16周,星期二第3-4节 智华楼107; 1-16周,星期四第1-2节 智华楼107; 1-15单周,星期五第7-8节 智华楼107",100/0,物理系
植物应用之插花技艺,BIOS222,通识选修课,中文,"余春红,张敏",二级制,1.0,"2-16双周,星期一第5-8节 慧园2栋507",20/4,生物系
植物应用之插花技艺,BIOS222,通识选修课,中文,"马小英,张敏",二级制,1.0,"2-16双周,星期二第5-8节 慧园2栋507",20/0,生物系
化学与探索,CH104,通识选修课-专业导论类,双语,"颜瑷珲,房芳,于月娜,王春燕,刘华伟,李晓华,朱秀珍,汤小菊,何绮婷",二级制,1.0,"1-15单周,星期一第5-8节 理学院C1028",40/1,化学系
基础西班牙语,CLE048,通识选修课-外语类,英文,MIGUEL ANGEL MARQUEZ MARTINEZ,二级制,2.0,"1-16周,星期一第5-6节 一教303",25/14,语言中心
基础西班牙语,CLE048,通识选修课-外语类,英文,MIGUEL ANGEL MARQUEZ MARTINEZ,二级制,2.0,"1-16周,星期一第7-8节 一教303",25/5,语言中心
基础法语,CLE051,通识选修课-外语类,英文,MIGUEL ANGEL MARQUEZ MARTINEZ,二级制,2.0,"1-16周,星期二第5-6节 一教303",25/13,语言中心
基础法语,CLE051,通识选修课-外语类,英文,MIGUEL ANGEL MARQUEZ MARTINEZ,二级制,2.0,"1-16周,星期二第7-8节 一教303",25/12,语言中心
欧洲语言与文化,CLE067,通识选修课-外语类,英文,MIGUEL ANGEL MARQUEZ MARTINEZ,二级制,2.0,"1-16周,星期三第5-6节 一教303",25/5,语言中心
欧洲语言与文化,CLE067,通识选修课-外语类,英文,MIGUEL ANGEL MARQUEZ MARTINEZ,二级制,2.0,"1-16周,星期三第7-8节 一教303",25/6,语言中心
English for Real-world Financial Communication,CLE071,通识选修课-外语类,英文,MIGUEL ANGEL MARQUEZ MARTINEZ,二级制,2.0,"1-16周,星期五第3-4节 一教303",25/3,语言中心
English for Real-world Financial Communication,CLE071,通识选修课-外语类,英文,MIGUEL ANGEL MARQUEZ MARTINEZ,二级制,2.0,"1-16周,星期五第5-6节 一教303",25/3,语言中心
生活中的运筹学,EBA104,通识选修课-社科类,双语,何英,二级制,2.0,"1-16周,星期三第7-8节 商学院208",50/21,商学院
管理学,EBA106,通识选修课-专业导论类,英文,罗源昆,十三级制,3.0,"1-16周,星期二第5-6节 商学院208; 1-15单周,星期四第9-10节 商学院208",30/0,信息系统与管理工程系
人工智能时代的电子信息科学技术,EE111,通识选修课-专业导论类,双语,孟庆虎,十三级制,1.0,"2-16双周,星期五第3-4节 智华楼107",100/4,电子与电气工程系
全球气候变化,ESE319,通识选修课-专业导论类,双语,曾振中,十三级制,3.0,"1-16周,星期二第5-6节 一教227; 1-15单周,星期四第9-10节 一教227",50/2,环境科学与工程学院
极地探索,ESS104,通识选修课-专业导论类,双语,李斐,十三级制,2.0,"1-16周,星期五第5-6节 商学院209",40/6,地球与空间科学系
自然灾害学,ESS208,通识选修课-专业导论类,双语,韩鹏,十三级制,2.0,"1-16周,星期五第9-10节 智华楼301",30/1,地球与空间科学系
金融学,FIN102,通识选修课-专业导论类,双语,王赫,十三级制,3.0,"1-16周,星期一第9-11节 商学院104",70/8,金融系
心理学,GE1221,通识选修课-社科类,中文,孙志凤,十三级制,2.0,"1-16周,星期一第9-10节 一教425",50/4,马克思主义学院
心理学,GE1221,通识选修课-社科类,中文,孙志凤,十三级制,2.0,"1-16周,星期二第5-6节 一教425",50/3,马克思主义学院
人格塑造十五讲,GEJ013,通识选修课-社科类,中文,孙志凤,十三级制,2.0,"1-16周,星期二第7-8节 一教425",30/1,马克思主义学院
人格塑造十五讲,GEJ013,通识选修课-社科类,中文,孙志凤,十三级制,2.0,"1-16周,星期三第5-6节 一教425",30/0,马克思主义学院
人格塑造十五讲,GEJ013,通识选修课-社科类,中文,孙志凤,十三级制,2.0,"1-16周,星期三第7-8节 一教425",30/2,马克思主义学院
人格塑造十五讲,GEJ013,通识选修课-社科类,中文,孙志凤,十三级制,2.0,"1-16周,星期四第9-10节 一教425",30/2,马克思主义学院
走进舞台剧,GEM001,通识选修课-美育类,中文,毕宝仪,十三级制,2.0,"1-16周,星期二第5-6节 荔园7栋102",30/0,艺术中心
乐理与视唱练耳,GEM008,通识选修课-美育类,中文,皮晟,十三级制,2.0,"1-16周,星期二第7-8节 荔园7栋102",20/6,艺术中心
乐理与视唱练耳,GEM008,通识选修课-美育类,中文,皮晟,十三级制,2.0,"1-16周,星期三第7-8节 荔园7栋102",20/5,艺术中心
教你唱歌,GEM009,通识选修课-美育类,中文,纪涛,十三级制,2.0,"1-16周,星期一第1-2节 荔园7栋102",20/2,艺术中心
教你唱歌,GEM009,通识选修课-美育类,中文,纪涛,十三级制,2.0,"1-16周,星期一第3-4节 荔园7栋102",15/0,艺术中心
教你唱歌,GEM009,通识选修课-美育类,中文,纪涛,十三级制,2.0,"1-16周,星期二第3-4节 荔园7栋102",15/5,艺术中心
流行音乐赏析与演唱,GEM013,通识选修课-美育类,中文,赵久峰-外聘,十三级制,2.0,"1-16周,星期三第5-6节 荔园7栋102",30/9,艺术中心
朗诵艺术,GEM022,通识选修课-美育类,中文,纪涛,十三级制,2.0,"1-16周,星期二第1-2节 荔园7栋102",20/2,艺术中心
中国戏曲美学,GEM034,通识选修课-美育类,中文,皮晟,十三级制,2.0,"1-16周,星期二第5-6节 智华楼406",20/1,艺术中心
宋代院体工笔花鸟画临习,GEM038,通识选修课-美育类,中文,温颖,十三级制,2.0,"1-16周,星期二第5-6节 二教203A艺术中心教室",15/7,艺术中心
宋代院体工笔花鸟画临习,GEM038,通识选修课-美育类,中文,温颖,十三级制,2.0,"1-16周,星期二第7-8节 二教203A艺术中心教室",15/9,艺术中心
俄罗斯音乐赏析,GEM041,通识选修课-美育类,中文,刘珂廷,十三级制,2.0,"1-16周,星期二第1-2节 二教201艺术教室",20/9,艺术中心
俄罗斯音乐赏析,GEM041,通识选修课-美育类,中文,刘珂廷,十三级制,2.0,"1-16周,星期二第3-4节 二教201艺术教室",20/9,艺术中心
外国音乐赏析-德奥篇,GEM053,通识选修课-美育类,中文,刘珂廷,十三级制,2.0,"1-16周,星期二第5-6节 智华楼408",20/7,艺术中心
外国音乐赏析-德奥篇,GEM053,通识选修课-美育类,中文,刘珂廷,十三级制,2.0,"1-16周,星期三第5-6节 二教201艺术教室",20/6,艺术中心
艺术概论,GEM056,通识选修课-美育类,中文,周明聪,十三级制,2.0,"1-16周,星期二第5-6节 智华楼407",20/1,艺术中心
艺术概论,GEM056,通识选修课-美育类,中文,周明聪,十三级制,2.0,"1-16周,星期二第7-8节 智华楼407",20/9,艺术中心
设计艺术史,GEM057,通识选修课-美育类,中文,周明聪,十三级制,2.0,"1-16周,星期二第9-10节 智华楼407",20/4,艺术中心
设计艺术史,GEM057,通识选修课-美育类,中文,周明聪,十三级制,2.0,"1-16周,星期三第3-4节 智华楼407",20/5,艺术中心
中国戏曲简史与赏析,GEM062,通识选修课-美育类,中文,皮晟,十三级制,2.0,"1-16周,星期三第5-6节 智华楼406",20/2,艺术中心
合唱,GEM063,通识选修课-美育类,中文,王奕-外聘,十三级制,2.0,"1-16周,星期四第9-10节 综合训练馆302排练室",70/21,艺术中心
西方音乐简史,GEM067,通识选修课-美育类,英文,李瀚瀚,十三级制,2.0,"1-16周,星期二第1-2节 智华楼406",25/4,艺术中心
钢琴作品赏析,GEM068,通识选修课-美育类,中文,李瀚瀚,十三级制,2.0,"1-16周,星期一第1-2节 智华楼406",20/9,艺术中心
钢琴作品赏析,GEM068,通识选修课-美育类,中文,李瀚瀚,十三级制,2.0,"1-16周,星期一第3-4节 智华楼406",20/3,艺术中心
钢琴作品赏析,GEM068,通识选修课-美育类,中文,李瀚瀚,十三级制,2.0,"1-16周,星期二第3-4节 智华楼406",20/4,艺术中心
国画实训,GEM070,通识选修课-美育类,中文,周明聪,十三级制,2.0,"1-16周,星期三第5-8节 二教203A艺术中心教室",15/2,艺术中心
朗诵实训,GEM071,通识选修课-美育类,中文,纪涛,十三级制,2.0,"1-16周,星期一第7-10节 荔园7栋102",15/0,艺术中心
歌唱实训,GEM072,通识选修课-美育类,中文,皮晟,十三级制,2.0,"1-16周,星期二第9-10节 荔园7栋102; 1-16周,星期三第9-10节 荔园7栋102",12/4,艺术中心
钢琴演奏实训,GEM073,通识选修课-美育类,中文,刘珂廷,十三级制,2.0,"1-16周,星期三第1-4节 二教201艺术教室",12/4,艺术中心
钢琴演奏实训,GEM073,通识选修课-美育类,中文,李瀚瀚,十三级制,2.0,"1-16周,星期一第5-8节 荔园1栋102",15/3,艺术中心
中外影视音乐赏析,GEM074,通识选修课-美育类,中文,赵易山,十三级制,2.0,"1-16周,星期二第5-6节 二教201艺术教室",20/1,艺术中心
研究方法导论,HEC003,通识选修课-社科类,双语,赵建华,十三级制,2.0,"1-16周,星期三第5-6节 智华楼112",40/2,高等教育研究中心
教育社会学导论,HEC015,通识选修课-社科类,双语,刘绪,十三级制,2.0,"1-16周,星期二第5-6节 智华楼210",52/6,高等教育研究中心
跨文化教育,HEC024,通识选修课-社科类,双语,YUAN GAO（高媛）,十三级制,2.0,"1-16周,星期五第3-4节 智华楼406",30/2,高等教育研究中心
科幻：从小说到电影,HUM014,通识选修课-人文类,中文,吴岩,二级制,2.0,"1-16周,星期二第9-10节 一教107",150/33,人文科学中心
走近《一千零一夜》,HUM024,通识选修课-人文类,中文,钱艾琳,十三级制,2.0,"1-16周,星期三第3-4节 智华楼205",50/17,人文科学中心
阿拉伯世界的1500年,HUM045,通识选修课-人文类,中文,钱艾琳,十三级制,2.0,"1-16周,星期三第5-6节 智华楼210",80/14,人文科学中心
语音学,HUM046,通识选修课-人文类,中文,孙顺,二级制,2.0,"1-16周,星期五第5-6节 一教107",150/23,人文科学中心
中国哲学导论,HUM053,通识选修课-人文类,中文,张大伟,二级制,2.0,"1-16周,星期一第7-8节 智华楼210",60/2,人文科学中心
中国哲学导论,HUM053,通识选修课-人文类,中文,张大伟,二级制,2.0,"1-16周,星期一第9-10节 智华楼210",60/4,人文科学中心
中国哲学导论,HUM053,通识选修课-人文类,中文,张大伟,二级制,2.0,"1-16周,星期三第7-8节 智华楼210",60/2,人文科学中心
生态思想视野下的电影,HUM056,通识选修课-人文类,中文,田松,十三级制,2.0,"1-16周,星期三第5-6节 智华楼407",30/3,人文科学中心
西方文学经典导读,HUM078,通识选修课-人文类,中文,杨果,二级制,2.0,"1-16周,星期三第3-4节 智华楼210",75/19,人文科学中心
中华经典导读,HUM079,通识选修课-人文类,中文,孙顺,二级制,2.0,"1-16周,星期五第3-4节 智华楼108",150/15,人文科学中心
中国古典文学经典选读,HUM083,通识选修课-人文类,中文,高斌,二级制,2.0,"1-16周,星期三第9-10节 智华楼205",60/3,人文科学中心
中国古典文学经典选读,HUM083,通识选修课-人文类,中文,高斌,二级制,2.0,"1-16周,星期四第3-4节 智华楼205",60/1,人文科学中心
中国古典文学经典选读,HUM083,通识选修课-人文类,中文,高斌,二级制,2.0,"1-16周,星期四第9-10节 智华楼205",60/1,人文科学中心
唐宋诗赏析,HUM085,通识选修课-人文类,中文,高斌,十三级制,2.0,"1-16周,星期二第7-8节 智华楼205",60/0,人文科学中心
唐宋诗赏析,HUM085,通识选修课-人文类,中文,高斌,十三级制,2.0,"1-16周,星期二第9-10节 智华楼205",60/2,人文科学中心
唐宋诗赏析,HUM085,通识选修课-人文类,中文,高斌,十三级制,2.0,"1-16周,星期三第7-8节 商学院103",60/0,人文科学中心
西方政治哲学导论,HUM087,通识选修课-人文类,中文,张大伟,十三级制,2.0,"1-16周,星期二第7-8节 智华楼210",60/1,人文科学中心
西方政治哲学导论,HUM087,通识选修课-人文类,中文,张大伟,十三级制,2.0,"1-16周,星期二第9-10节 智华楼210",60/7,人文科学中心
西方政治哲学导论,HUM087,通识选修课-人文类,中文,张大伟,十三级制,2.0,"1-16周,星期三第9-10节 智华楼210",60/1,人文科学中心
中国当代小说选讲,HUM088,通识选修课-人文类,中文,陈劲松,二级制,2.0,"1-16周,星期四第3-4节 智华楼201",30/12,人文科学中心
人工智能的科学哲学基础,HUM089,通识选修课-人文类,中文,马兆远,十三级制,2.0,"1-16周,星期五第9-10节 智华楼106",150/45,人文科学中心
创业思维与实践,INO5013,专业选修课,中文,"王凭慧,陈柔羲",等级制,2.0,"1-3,5,9-16周,星期一第7-8节 智华楼104; 4,6-8周,星期一第7-8节 智华楼104",80/0,创新创业学院
创新创业大讲堂1,INO5017,专业选修课,中文,刘科,二级制,1.0,"1-15单周,星期五第7-8节 会议中心圆形会议厅（4楼）",190/1,创新创业学院
创业管理,INO5031,专业选修课,中文,邵理阳,等级制,2.0,"1-16周,星期二第3-4节 一教323",70/0,创新创业学院
实验DIY：发现力学之美,MAE101,通识选修课-专业导论类,双语,"肖思,赵晓争,刘晓宇",二级制,2.0,"1-5周,星期五第5-8节 工学院北楼108; 6-10周,星期五第5-8节 工学院北楼108; 11-16周,星期五第5-8节 工学院北楼108",20/1,力学与航空航天工程系
飞行模拟实验,MAE102,通识选修课-专业导论类,双语,肖思,二级制,1.0,"1-16周,星期二第7-8节 工学院北楼108",12/0,力学与航空航天工程系
飞行模拟实验,MAE102,通识选修课-专业导论类,双语,刘晓宇,二级制,1.0,"1-16周,星期四第9-10节 工学院北楼108",12/2,力学与航空航天工程系
飞行模拟实验,MAE102,通识选修课-专业导论类,双语,赵晓争,二级制,1.0,"1-16周,星期二第9-10节 工学院北楼108",12/3,力学与航空航天工程系
现代机械工程导论,ME113,通识选修课-专业导论类,双语,路冬,十三级制,2.0,"1-16周,星期三第5-6节 一教324",30/0,机械与能源工程系
生物医学基础,MED104,通识选修课-专业导论类,双语,任欢,十三级制,3.0,"1-16周,星期二第3-4节 一教404; 1-15单周,星期四第3-4节 一教404",40/0,医学院
全球健康概论,MED108,通识选修课-专业导论类,双语,杨春富,二级制,2.0,"1-16周,星期五第9-10节 一教402",30/1,医学院
大数据里的全球健康,MED117,通识选修课-专业导论类,双语,黄捷,二级制,2.0,"1-16周,星期五第3-4节 智华楼201",30/1,医学院
饮食与健康,MED119,通识选修课-专业导论类,双语,房爱萍,二级制,2.0,"1-16周,星期三第9-10节 一教404",30/2,医学院
诺贝尔奖与医学,MED120,通识选修课-专业导论类,双语,聂晓伟,二级制,2.0,"1-16周,星期一第7-8节 一教402",30/1,医学院
新药的发现与应用,MED121,通识选修课-专业导论类,双语,卞劲松,二级制,2.0,"1-16周,星期三第9-10节 一教402",30/0,医学院
舌尖上的健康,MED122,通识选修课-专业导论类,双语,王鹏程,二级制,2.0,"1-16周,星期二第9-10节 一教403",30/1,医学院
认识我们的大脑,MED123,通识选修课-专业导论类,双语,王铂,二级制,2.0,"1-16周,星期一第9-10节 一教402",30/3,医学院
生物医学文献智能检索与写作,MED125,通识选修课-专业导论类,双语,夏思源,十三级制,2.0,"1-16周,星期一第5-6节 一教402",30/1,医学院
病毒与健康,MED127,通识选修课-专业导论类,双语,裴勇刚,二级制,2.0,"1-16周,星期三第9-10节 一教405",30/0,医学院
肿瘤防治与健康,MED128,通识选修课-专业导论类,双语,任骅,二级制,2.0,"1-16周,星期四第3-4节 一教402",30/0,医学院
健康数据科学导论,MED131,通识选修课-专业导论类,双语,王欢,十三级制,2.0,"1-16周,星期一第7-8节 一教405",30/0,医学院
疫苗与公共健康,MED132,通识选修课-专业导论类,双语,冯子健,十三级制,2.0,"1-16周,星期一第7-8节 商学院225",30/0,医学院
材料科学进展,MSE102,通识选修课-专业导论类,双语,"孙大陟,汪宏,程鑫,陈明伟,韩晓东,李贵新",十三级制,1.0,"1-15单周,星期四第9-10节 商学院101",80/3,材料科学与工程系
材料科学中的AI方法导论,MSE104,通识选修课-专业导论类,双语,"李磊,刘玮书,邬家臻,罗光富,张文清",二级制,1.0,"2-16双周,星期四第9-10节 商学院101",60/0,材料科学与工程系
集成电路概论,SME104,通识选修课-专业导论类,双语,余浩,十三级制,2.0,"1-16周,星期三第9-10节 智华楼106",100/5,深港微电子学院
中外文化记忆研究,SS016,通识选修课-社科类,中文,王晓葵,十三级制,2.0,"1-16周,星期四第3-4节 智华楼210",60/0,社会科学中心暨社会科学高等研究院
影视拍摄与编辑基础,SS024,通识选修课-社科类,中文,张静红,十三级制,2.0,"1-5,8-16周,星期二第3-4节 智华楼201; 6,7周,星期二第3-4节 琳恩图书馆204媒体实验室",25/3,社会科学中心暨社会科学高等研究院
考古发现与中国历史,SS033,通识选修课-社科类,中文,唐际根,十三级制,2.0,"1-16周,星期二第9-10节 智华楼208",110/2,社会科学中心暨社会科学高等研究院
城市与科技,SS082,通识选修课-社科类,英文,王莉莉,十三级制,2.0,"1-16周,星期三第7-8节 智华楼201",30/4,社会科学中心暨社会科学高等研究院
可持续发展导论,SS092,通识选修课-社科类,英文,王雨,十三级制,2.0,"1-16周,星期二第5-6节 智华楼305",40/0,社会科学中心暨社会科学高等研究院
考古学导论,SS109,通识选修课-社科类,中文,张钊,十三级制,2.0,"1-16周,星期三第5-6节 智华楼204",50/2,社会科学中心暨社会科学高等研究院
爱因斯坦及其所生活的世界,SS132,通识选修课-社科类,英文,DANIAN HU（胡大年）,十三级制,2.0,"1-16周,星期三第9-10节 商学院226",40/4,社会科学中心暨社会科学高等研究院
走近突发公共卫生事件,SS136,通识选修课-社科类,中文,冯子健,十三级制,2.0,"1-16周,星期一第3-4节 商学院225",50/2,社会科学中心暨社会科学高等研究院
改变世界的流行病,SS144,通识选修课-社科类,双语,朱斌,十三级制,2.0,"1-16周,星期五第3-4节 智华楼407",30/30,社会科学中心暨社会科学高等研究院
外国文学经典十六讲,SS153,通识选修课-社科类,中文,王立新,十三级制,2.0,"1-16周,星期三第3-4节 智华楼112",30/0,社会科学中心暨社会科学高等研究院
古文字与中国历史文化,SS162,通识选修课-社科类,中文,张钊,十三级制,2.0,"1-16周,星期一第7-8节 智华楼205",40/1,社会科学中心暨社会科学高等研究院
人类演化简史,SS167,通识选修课-社科类,英文,Jennifer Midori Miller,十三级制,2.0,"1-16周,星期二第5-6节 智华楼302",45/7,社会科学中心暨社会科学高等研究院
旧石器时代的艺术与符号,SS168,通识选修课-社科类,英文,Jennifer Midori Miller,十三级制,2.0,"1-16周,星期三第3-4节 智华楼302",45/2,社会科学中心暨社会科学高等研究院
交通与中国近现代社会,SS173,通识选修课-社科类,中文,江沛,十三级制,2.0,"1-16周,星期三第3-4节 智华楼104",80/1,社会科学中心暨社会科学高等研究院
影视与近代中国,SS174,通识选修课-社科类,中文,江沛,十三级制,2.0,"1-16周,星期四第3-4节 智华楼104",80/1,社会科学中心暨社会科学高等研究院
世界纪录片历史与赏析,SS176,通识选修课-社科类,中文,张静红,十三级制,2.0,"1-16周,星期二第7-8节 智华楼103",40/9,社会科学中心暨社会科学高等研究院
经济与行为,SS179,通识选修课-社科类,双语,董璐,十三级制,2.0,"1-16周,星期二第9-10节 商学院209",18/3,社会科学中心暨社会科学高等研究院
会计学原理,ACC201,专业基础课,英文,王文峰,十三级制,3.0,"1-15单周,星期一第5-6节 商学院209; 1-16周,星期三第3-4节 商学院209",50/1,商学院
公司财务（财务管理）,ACC202,专业基础课,英文,朱昊然,十三级制,3.0,"1-16周,星期二第3-4节 商学院208; 1-15单周,星期四第3-4节 商学院208",50/0,商学院
人工智能工程实践,AI303,专业选修课,双语,何志海,二级制,3.0,"1-16周,星期六第1-2节 无地点",25/6,人工智能学院
普通生物学实验,BIO104,专业基础课,双语,"马小英,宋亚坤",十三级制,2.0,"1-4,6-10,12-16周,星期一第5-8节 慧园2栋505",20/2,生物系
普通生物学实验,BIO104,专业基础课,双语,"赵颖岚,林飚",十三级制,2.0,"1-4,6-10,12-16周,星期三第5-8节 慧园2栋509",20/2,生物系
普通生物学实验,BIO104,专业基础课,双语,"生悦,宋亚坤",十三级制,2.0,"1-3,5-10,12-16周,星期五第5-8节 慧园2栋509",20/2,生物系
生物化学I（生物大分子）,BIO201,专业基础课,英文,"魏志毅,余聪",十三级制,3.0,"1-16周,星期一第3-4节 一教322; 2-16双周,星期三第1-2节 一教322",25/0,生物系
生物化学I（生物大分子）,BIO201,专业基础课,双语,"魏志毅,余聪",十三级制,3.0,"1-16周,星期二第5-6节 一教322; 2-16双周,星期五第5-6节 一教322",25/4,生物系
生物化学II（新陈代谢）,BIO202,专业基础课,双语,沈庆涛,十三级制,3.0,"1-16周,星期一第3-4节 一教305; 2-16双周,星期三第1-2节 一教305",30/10,生物系
微生物学,BIO203,专业基础课,双语,孙颖,十三级制,3.0,"1-16周,星期三第3-4节 一教321; 2-16双周,星期一第1-2节 一教321",30/3,生物系
微生物学实验,BIO205,专业选修课,双语,"余春红,张敏",十三级制,2.0,"1-4,6-15周,星期三第5-8节 慧园2栋505",20/1,生物系
细胞生物学,BIO206,专业核心课,英文,Peter Pimpl,十三级制,3.0,"1-16周,星期二第1-2节 一教301; 1-15单周,星期四第3-4节 一教301",70/15,生物系
植物生理学,BIO207-15,专业选修课,双语,黄安诚,十三级制,3.0,"1-16周,星期一第7-8节 一教321; 1-15单周,星期三第9-10节 一教321",20/0,生物系
细胞生物学实验,BIO208,专业核心课,双语,"余春红,贾方兴",十三级制,2.0,"1-4,6-10,12-16周,星期二第5-8节 慧园2栋503",20/1,生物系
细胞生物学实验,BIO208,专业核心课,双语,"生悦,宋亚坤",十三级制,2.0,"1-4,6-10,12-16周,星期三第5-8节 慧园2栋503",20/7,生物系
细胞生物学实验,BIO208,专业核心课,英文,"赵颖岚,张敏",十三级制,2.0,"1-3,5-10,12-16周,星期五第5-8节 慧园2栋503",20/6,生物系
植物生理学实验,BIO209-15,专业选修课,双语,"马小英,贾方兴",十三级制,2.0,"1-4,6-15周,星期三第5-8节 慧园2栋507",20/0,生物系
生物统计学,BIO210,专业基础课,英文,陈曦,十三级制,3.0,"1-16周,星期二第9-10节 一教305; 2-16双周,星期四第3-4节 一教305",40/2,生物系
生物心理学,BIO217,专业选修课,双语,陈小菁,十三级制,3.0,"1-16周,星期一第5-6节 一教324; 2-16双周,星期三第9-10节 一教324",40/7,生物系
遗传学,BIO301,专业核心课,英文,余化鹏,十三级制,3.0,"1-16周,星期二第7-8节 一教305; 1-15单周,星期四第1-2节 一教305",30/2,生物系
遗传学实验,BIO303,专业选修课,双语,"马小英,贾方兴",十三级制,2.0,"1-3,5-10,12-16周,星期五第5-8节 慧园2栋505",0/0,生物系
计算生物学,BIO309,专业核心课,双语,梁征宇,十三级制,3.0,"1-16周,星期三第5-6节 智华楼303; 1-16周,星期三第7-8节 智华楼502机房",30/4,生物系
动物生理学,BIO311-14,专业核心课,英文,程龙珍,十三级制,3.0,"1-16周,星期一第7-8节 一教224; 1-15单周,星期三第1-2节 一教224",50/10,生物系
动物生理学实验,BIO313-15,专业选修课,双语,"生悦,林飚",十三级制,2.0,"1-4,6-15周,星期二第5-8节 慧园2栋509",20/2,生物系
分子生物学,BIO320,专业核心课,英文,邓怿,十三级制,3.0,"1-16周,星期一第3-4节 一教421; 1-15单周,星期四第7-8节 一教421",40/4,生物系
肿瘤生物学,BIO336,专业选修课,双语,邓怿,十三级制,3.0,"1-16周,星期二第5-6节 一教421; 2-16双周,星期五第5-6节 一教421",20/2,生物系
生物物理学基本原理,BIO347,专业选修课,双语,闫凯歌,十三级制,3.0,"1-16周,星期四第9-10节 一教421; 2-16双周,星期二第3-4节 一教421",20/0,生物系
基因工程学,BIO401-16,专业选修课,双语,王玲,十三级制,3.0,"1-16周,星期一第9-10节 一教322; 2-16双周,星期四第7-8节 一教322",30/0,生物系
免疫学,BIO405,专业选修课,英文,周稳,十三级制,3.0,"1-16周,星期三第3-4节 一教304; 2-16双周,星期一第1-2节 一教304",30/0,生物系
生物学综合实验和科研实践I,BIO461,实践,双语,廖茂富,二级制,2.0,"1周,星期五第1-2节 一教420; 1周,星期五第3-4节 二科502; 2-16周,星期五第1-4节 二科502",10/0,生命科学学院
生物学综合实验和科研实践I,BIO461,实践,双语,温子龙,二级制,2.0,"1周,星期五第1-2节 一教422; 1周,星期五第3-4节 二科401; 2-16周,星期五第1-4节 二科401",10/1,生命科学学院
生物学综合实验和科研实践I,BIO461,实践,双语,竺淑佳,二级制,2.0,"1周,星期五第1-2节 一教425; 1周,星期五第3-4节 二科302; 2-16周,星期五第1-4节 二科302",15/1,生命科学学院
生物学综合实验和科研实践I,BIO461,实践,双语,陈炜,二级制,2.0,"1周,星期五第1-2节 一教424; 1周,星期五第3-4节 慧园4栋314; 2-16周,星期五第1-4节 慧园4栋314",10/1,生命科学学院
生物学综合实验和科研实践I,BIO461,实践,双语,郭红卫,二级制,2.0,"1周,星期五第1-2节 一教426; 1周,星期五第3-4节 慧园1栋407; 2-16周,星期五第1-4节 慧园1栋407",10/0,生命科学学院
RNA生物学及疗法,BIO5048,专业选修课,中文,王泽峰,等级制,3.0,"1-16周,星期二第7-8节 一教524; 2-16双周,星期三第1-2节 一教524",30/1,生命科学学院
电路原理,BMEB111,专业基础课,英文,唐建波,十三级制,3.0,"1-16周,星期五第3-4节 一教406; 2-16双周,星期三第1-2节 一教406",70/2,生物医学工程系
电路原理,BMEB111,专业基础课,英文,赵聪,十三级制,3.0,"1-16周,星期五第3-4节 一教306; 2-16双周,星期三第1-2节 一教306",70/8,生物医学工程系
医用材料与医疗器械,BMEB213,专业选修课,英文,吴德成,十三级制,3.0,"1-15单周,星期一第9-10节 一教111; 1-16周,星期三第9-10节 一教111",100/8,生物医学工程系
生物医学材料基础,BMEB214,专业基础课,英文,唐斌,十三级制,3.0,"1-15单周,星期三第5-6节 一教225; 1-16周,星期五第5-6节 一教225",30/0,生物医学工程系
工程力学基础,BMEB217,专业基础课,英文,张明明,十三级制,3.0,"1-16周,星期二第3-4节 一教301; 1-15单周,星期四第9-10节 一教301",80/4,生物医学工程系
分子细胞生物学,BMEB218,专业基础课,英文,姚明曦,十三级制,3.0,"1-15单周,星期一第5-6节 一教226; 1-16周,星期三第7-8节 一教226",30/7,生物医学工程系
信号和系统,BMEB220,专业基础课,英文,"何思聪,彭诚",十三级制,3.0,"1-16周,星期二第5-6节 智华楼102; 1-16周,星期二第7-8节 智华楼508机房",80/6,生物医学工程系
定量生理学（一）,BMEB311,专业核心课,英文,郭琼玉,十三级制,3.0,"1-16周,星期一第3-4节 一教226; 1-15单周,星期三第1-2节 一教226",45/5,生物医学工程系
定量生理学（一）,BMEB311,专业核心课,英文,张路,十三级制,3.0,"1-16周,星期一第3-4节 一教423; 1-15单周,星期三第5-6节 一教423",45/8,生物医学工程系
医学图像处理,BMEB316,专业核心课,英文,李依明,十三级制,3.0,"1-16周,星期五第5-6节 智华楼203; 1-16周,星期五第7-8节 智华楼505机房",60/8,生物医学工程系
医学影像系统原理,BMEB317,专业核心课,英文,奚磊,十三级制,3.0,"1-16周,星期三第3-4节 一教111; 2-16双周,星期一第9-10节 一教111",100/12,生物医学工程系
生物力学,BMEB318,专业核心课,英文,CHAO LIU,十三级制,3.0,"1-16周,星期二第9-10节 一教111; 2-16双周,星期四第9-10节 一教111",90/10,生物医学工程系
生物医学工程实验（一）,BMEB321,专业核心课,英文,杨用,十三级制,3.0,"1-15单周,星期一第5-8节 慧园2栋306实验室; 1-16周,星期四第5-8节 慧园2栋306实验室",25/4,生物医学工程系
生物医学工程实验（一）,BMEB321,专业核心课,英文,杨用,十三级制,3.0,"1-16周,星期五第5-8节 慧园2栋306实验室; 2-16双周,星期一第5-8节 慧园2栋306实验室",25/7,生物医学工程系
生物医学光学实验,BMEB324,专业选修课,英文,刘洁,十三级制,2.0,"1-16周,星期四第1-4节 慧园2栋312",20/2,生物医学工程系
智能医学工程综合实验I,BMEB328,专业核心课,英文,彭诚,十三级制,2.0,"1-16周,星期四第5-8节 慧园2栋310实验室",30/9,生物医学工程系
神经工程与脑机接口,BMEB333,专业核心课,英文,肖凯,十三级制,3.0,"1-16周,星期五第3-4节 一教423; 2-16双周,星期三第5-6节 一教423",60/7,生物医学工程系
数字信号处理,BMEB335,专业选修课,英文,赵聪,十三级制,3.0,"1-16周,星期四第1-2节 智华楼204; 1-16周,星期四第3-4节 智华楼508机房",60/11,生物医学工程系
化学原理实验,CH102-15,专业基础课,双语,"何绮婷,汤小菊,颜瑷珲,李晓华",十三级制,2.0,"1-16周,星期三第5-8节 理学院C1033",36/3,化学系
有机化学 B,CH106,专业基础课,双语,周友运,十三级制,3.0,"1-16周,星期二第3-4节 智华楼304; 2-16双周,星期四第9-10节 智华楼304",50/1,化学系
化学原理（H）,CH107,专业基础课,双语,郭兴伟,十三级制,4.0,"1-16周,星期二第3-4节 智华楼303; 1-16周,星期四第3-4节 智华楼303",15/0,化学系
有机化学I,CH203,专业基础课,双语,李鹏飞,十三级制,4.0,"1-16周,星期一第3-4节 智华楼113; 1-16周,星期三第1-2节 智华楼113",30/2,化学系
有机化学I,CH203,专业基础课,双语,舒伟,十三级制,4.0,"1-16周,星期二第1-2节 智华楼113; 1-16周,星期四第3-4节 智华楼113",30/1,化学系
有机化学II,CH206,专业基础课,双语,何川,十三级制,4.0,"1-16周,星期一第3-4节 智华楼306; 1-16周,星期三第1-2节 智华楼306",30/8,化学系
有机化学实验,CH208,专业基础课,双语,"房芳,于月娜",十三级制,2.0,"1-16周,星期二第5-8节 理学院C1027",20/6,化学系
有机化学实验,CH208,专业基础课,双语,"房芳,于月娜",十三级制,2.0,"1-16周,星期三第5-8节 理学院C1027",20/7,化学系
无机化学I,CH209,专业基础课,双语,陆为,十三级制,4.0,"1-16周,星期三第9-10节 智华楼103; 1-16周,星期五第3-4节 智华楼103",50/11,化学系
无机化学II,CH211,专业基础课,英文,何振宇,十三级制,4.0,"1-16周,星期一第7-8节 智华楼305; 1-16周,星期三第9-10节 智华楼305",20/4,化学系
分析化学I,CH216,专业基础课,双语,郝瑞,十三级制,3.0,"1-16周,星期三第3-4节 智华楼204; 2-16双周,星期一第9-10节 智华楼204",60/7,化学系
分析化学II,CH218,专业基础课,英文,TAN SOON HENG（陈顺兴）,十三级制,3.0,"1-16周,星期二第3-4节 智华楼113; 2-16双周,星期四第1-2节 智华楼113",15/0,化学系
分析化学实验II,CH219,专业基础课,双语,"朱秀珍,李晓华,房芳,于月娜,王春燕,刘华伟,何绮婷,汤小菊,颜瑷珲",十三级制,2.0,"1-16周,星期五第5-8节 理学院C1030",40/2,化学系
主族元素化学,CH221,专业选修课,双语,刘柳,十三级制,4.0,"1-16周,星期二第9-10节 智华楼204; 1-16周,星期四第9-10节 智华楼204",50/7,化学系
物理化学I,CH301,专业基础课,双语,HUANG LIMIN(黄立民),十三级制,4.0,"1-16周,星期二第3-4节 智华楼302; 1-16周,星期四第1-2节 智华楼302",30/13,化学系
物理化学II,CH302,专业基础课,双语,赵斌,十三级制,4.0,"1-16周,星期二第1-2节 智华楼213; 1-16周,星期四第3-4节 智华楼213",30/5,化学系
物理化学实验,CH303,专业基础课,双语,"汤小菊,何绮婷,颜瑷珲",十三级制,2.0,"1-16周,星期二第5-8节 理学院C3070",36/12,化学系
现代策略合成,CH311,专业选修课,双语,刘心元,十三级制,3.0,"1-16周,星期四第9-10节 智华楼203; 2-16双周,星期二第9-10节 智华楼203",50/0,化学系
有机波谱解析,CH312,专业选修课,中文,徐晨,十三级制,2.0,"1-16周,星期五第3-4节 智华楼303",30/0,化学系
不对称合成,CH314,专业选修课,双语,徐明华,十三级制,3.0,"1-15单周,星期一第9-10节 智华楼304; 1-16周,星期三第3-4节 智华楼304",50/0,化学系
高分子化学,CH315,专业选修课,双语,何凤,十三级制,3.0,"1-16周,星期一第3-4节 智华楼304; 1-15单周,星期三第1-2节 智华楼304",50/1,化学系
药物化学,CH317,专业选修课,中文,李闯创,十三级制,3.0,"1-15单周,星期一第5-6节 智华楼301; 1-16周,星期三第5-6节 智华楼301",50/5,化学系
高等无机化学实验,CH319,专业选修课,双语,"刘华伟,王春燕",十三级制,2.0,"1-16周,星期四第5-8节 理学院C1028",24/1,化学系
高分子化学实验,CH321,专业选修课,双语,"房芳,于月娜,何凤",十三级制,1.0,"2-16双周,星期四第5-8节 理学院C1027",24/0,化学系
复合材料科学与应用,CH331,专业选修课,中文,JOKYO（徐强）,十三级制,3.0,"1-16周,星期三第7-8节 智华楼113; 2-16双周,星期一第5-6节 智华楼113",30/0,化学系
化工原理,CH403,专业核心课,双语,CHEN ZHONGREN(陈忠仁),十三级制,3.0,"1-15单周,星期一第3-4节 商学院226; 1-16周,星期三第3-4节 商学院226",30/7,化学系
金属有机合成化学,CHE5031,专业选修课,中文,ZHANG XUMU(张绪穆),等级制,3.0,"1-16周,星期三第9-11节 智华楼202",80/0,化学系
电极过程动力学导论,CHE5048,专业选修课,英文,顾均,等级制,2.0,"1-16周,星期一第5-6节 商学院104",60/0,化学系
基础汉语 I,CLE008,通识必修课,英文,朱文汇,十三级制,2.0,"1-16周,星期一第1-2节 一教220; 1-16周,星期三第3-4节 一教220",28/0,语言中心
基础汉语 I,CLE008,通识必修课,英文,朱文汇,十三级制,2.0,"1-16周,星期一第3-4节 一教220; 1-16周,星期三第1-2节 一教220",28/0,语言中心
基础汉语 I,CLE008,通识必修课,英文,朱文汇,十三级制,2.0,"1-16周,星期二第3-4节 一教320; 1-16周,星期四第1-2节 一教320",28/0,语言中心
中级汉语I,CLE027,通识必修课,英文,沈蔚,十三级制,2.0,"1-16周,星期二第1-2节 一教220; 1-16周,星期五第1-2节 一教220",28/1,语言中心
中级汉语I,CLE027,通识必修课,英文,沈蔚,十三级制,2.0,"1-16周,星期二第3-4节 一教220; 1-16周,星期五第3-4节 一教220",28/0,语言中心
高级汉语I,CLE031,通识必修课,英文,沈蔚,十三级制,2.0,"1-16周,星期一第7-8节 一教320; 1-16周,星期四第5-6节 一教320",20/1,语言中心
中国文化,CLE033,通识必修课,英文,朱文汇,十三级制,2.0,"1-16周,星期二第5-6节 一教320",35/0,语言中心
中国文化,CLE033,通识必修课,英文,朱文汇,十三级制,2.0,"1-16周,星期五第1-2节 一教320",35/0,语言中心
工程思维方法与案例剖析,COE103,通识选修课-专业导论类,双语,"YONGSHENG MA（马永胜）,黄渊建",十三级制,3.0,"1-16周,星期三第7-8节 慧园2栋一楼; 主任务: 1-16周,星期一第3-4节 智华楼303",50/3,工学院
离散数学,CS201,专业必修课,英文,陈杉,十三级制,3.0,"1-16周,星期二第9-10节 智华楼206; 2-16双周,星期五第5-6节 智华楼206",150/5,计算机科学与工程系
数据结构与算法分析,CS203,专业必修课,英文,唐博,十三级制,3.0,"1-16周,星期二第5-6节 智华楼505机房; 主任务: 1-16周,星期二第3-4节 智华楼108",45/5,计算机科学与工程系
数据结构与算法分析,CS203,专业必修课,英文,沈昀,十三级制,3.0,"1-16周,星期三第3-4节 智华楼506机房; 主任务: 1-16周,星期二第3-4节 智华楼108",45/7,计算机科学与工程系
数据结构与算法分析,CS203,专业必修课,英文,沈昀,十三级制,3.0,"1-16周,星期三第5-6节 智华楼506机房; 主任务: 1-16周,星期二第3-4节 智华楼108",45/6,计算机科学与工程系
数字逻辑,CS207,专业必修课,英文,YUHUI BAI（白雨卉）,十三级制,3.0,"1-16周,星期二第7-8节 智华楼502机房; 主任务: 1-16周,星期二第5-6节 智华楼207",45/7,计算机科学与工程系
数字逻辑,CS207,专业必修课,英文,王薇,十三级制,3.0,"1-16周,星期三第3-4节 智华楼502机房; 主任务: 1-16周,星期二第5-6节 智华楼207",45/1,计算机科学与工程系
数字逻辑,CS207,专业必修课,英文,王薇,十三级制,3.0,"1-16周,星期三第5-6节 智华楼502机房; 主任务: 1-16周,星期二第5-6节 智华楼207",45/4,计算机科学与工程系
数据库原理（H）,CS213,专业必修课,双语,于仕琪,十三级制,3.0,"1-16周,星期一第7-8节 智华楼303; 1-16周,星期一第9-10节 智华楼503机房",17/0,计算机科学与工程系
离散数学（H）,CS215,专业必修课,双语,王琦,十三级制,3.0,"1-16周,星期一第5-6节 智华楼306; 2-16双周,星期三第9-10节 智华楼306",17/1,计算机科学与工程系
数据结构与算法分析（H）,CS217,专业必修课,英文,PIETRO SIMONE OLIVETO,十三级制,3.0,"1-16周,星期二第7-8节 智华楼304; 1-16周,星期二第9-10节 智华楼503机房",17/3,计算机科学与工程系
计算机高级程序设计,CS219,专业选修课,双语,郑锋,十三级制,3.0,"1-16周,星期四第3-4节 一教306; 1-16周,星期四第9-10节 智华楼509机房",50/9,计算机科学与工程系
应用编程与系统设计,CS221,专业选修课,双语,陶伊达,十三级制,3.0,"1-16周,星期三第3-4节 智华楼303; 1-16周,星期三第5-6节 智华楼507机房",45/0,计算机科学与工程系
人工智能,CS303,专业核心课,双语,袁博,十三级制,3.0,"1-16周,星期三第5-6节 智华楼503机房; 主任务: 1-16周,星期三第3-4节 一教110",30/9,计算机科学与工程系
人工智能,CS303,专业核心课,双语,赵耀,十三级制,3.0,"1-16周,星期四第3-4节 智华楼503机房; 主任务: 1-16周,星期三第3-4节 一教110",30/1,计算机科学与工程系
人工智能,CS303,专业核心课,双语,赵耀,十三级制,3.0,"1-16周,星期五第3-4节 智华楼503机房; 主任务: 1-16周,星期三第3-4节 一教110",30/5,计算机科学与工程系
人工智能,CS303,专业核心课,英文,郑明凯,十三级制,3.0,"1-16周,星期三第7-8节 智华楼504机房; 主任务: 1-16周,星期三第3-4节 商学院101",45/4,计算机科学与工程系
人工智能,CS303,专业核心课,英文,赵耀,十三级制,3.0,"1-16周,星期五第5-6节 智华楼503机房; 主任务: 1-16周,星期三第3-4节 商学院101",45/0,计算机科学与工程系
计算机网络,CS305,专业核心课,英文,唐茗,十三级制,3.0,"1-16周,星期一第9-10节 智华楼504机房; 主任务: 1-16周,星期一第7-8节 智华楼206",45/13,计算机科学与工程系
计算机网络,CS305,专业核心课,英文,王薇,十三级制,3.0,"1-16周,星期二第3-4节 智华楼504机房; 主任务: 1-16周,星期一第7-8节 智华楼206",45/7,计算机科学与工程系
计算机网络,CS305,专业核心课,英文,王薇,十三级制,3.0,"1-16周,星期二第5-6节 智华楼504机房; 主任务: 1-16周,星期一第7-8节 智华楼206",45/1,计算机科学与工程系
数据库原理,CS307,专业必修课,英文,王中秋,十三级制,3.0,"1-16周,星期一第9-10节 智华楼511机房; 主任务: 1-16周,星期一第3-4节 智华楼208",50/2,计算机科学与工程系
数据库原理,CS307,专业必修课,英文,朱悦铭,十三级制,3.0,"1-16周,星期一第7-8节 智华楼509机房; 主任务: 1-16周,星期一第3-4节 智华楼208",50/7,计算机科学与工程系
数据库原理,CS307,专业必修课,英文,朱悦铭,十三级制,3.0,"1-16周,星期三第3-4节 智华楼509机房; 主任务: 1-16周,星期一第3-4节 智华楼208",50/0,计算机科学与工程系
面向对象分析与设计,CS309,专业选修课,英文,张煜群,十三级制,3.0,"1-16周,星期一第5-6节 一教323; 1-16周,星期一第9-10节 智华楼502机房",47/6,计算机科学与工程系
计算机安全,CS315,专业选修课,英文,张锋巍,十三级制,3.0,"1-16周,星期二第3-4节 一教224; 1-16周,星期二第5-6节 智华楼511机房",50/10,计算机科学与工程系
计算机科学与技术前沿讲座I,CS317,专业选修课,双语,袁博,二级制,1.0,"2-16双周,星期五第7-8节 一科报告厅",50/0,计算机科学与工程系
编译原理,CS323,专业核心课,英文,刘烨庞,十三级制,3.0,"1-16周,星期一第5-6节 智华楼507机房; 主任务: 1-16周,星期一第3-4节 一教107",40/8,计算机科学与工程系
编译原理,CS323,专业核心课,英文,朱悦铭,十三级制,3.0,"1-16周,星期一第5-6节 智华楼509机房; 主任务: 1-16周,星期一第3-4节 一教107",40/8,计算机科学与工程系
编译原理,CS323,专业核心课,英文,朱悦铭,十三级制,3.0,"1-16周,星期二第5-6节 智华楼507机房; 主任务: 1-16周,星期一第3-4节 一教107",40/4,计算机科学与工程系
编译原理,CS323,专业核心课,英文,朱悦铭,十三级制,3.0,"1-16周,星期二第7-8节 智华楼507机房; 主任务: 1-16周,星期一第3-4节 一教107",40/4,计算机科学与工程系
深度学习,CS324,专业选修课,英文,张建国,十三级制,3.0,"1-16周,星期四第9-10节 智华楼510机房; 主任务: 1-16周,星期四第3-4节 一教527",50/13,计算机科学与工程系
深度学习,CS324,专业选修课,英文,宋雪萌,十三级制,3.0,"1-16周,星期三第5-6节 智华楼306; 1-16周,星期三第9-10节 智华楼507机房",47/2,计算机科学与工程系
分布与云计算,CS328,专业选修课,英文,Georgios Theodoropoulos,十三级制,3.0,"1-16周,星期三第7-8节 智华楼305; 1-16周,星期三第9-10节 智华楼510机房",50/4,计算机科学与工程系
计算机体系结构,CS331,专业选修课,双语,YUHUI BAI（白雨卉）,十三级制,3.0,"1-16周,星期五第3-4节 智华楼302; 1-16周,星期五第5-6节 智华楼502机房",40/4,计算机科学与工程系
计算机操作系统（H）,CS334,专业核心课,双语,张殷乾,十三级制,3.0,"1-16周,星期五第3-4节 一教224; 1-16周,星期五第5-6节 智华楼505机房",17/6,计算机科学与工程系
计算机科学与技术前沿讲座 IV,CS402,专业选修课,双语,袁博,二级制,1.0,"2-16双周,星期五第7-8节 一科报告厅",110/10,计算机科学与工程系
计算机科学与技术前沿讲座 III,CS415,专业选修课,双语,袁博,二级制,1.0,"2-16双周,星期五第7-8节 一科报告厅",50/1,计算机科学与工程系
设计基础,DS103,专业基础课,英文,张婉琳,十三级制,3.0,"1-16周,星期三第3-4节 智园C1栋1014; 2-16双周,星期五第3-4节 智园C1栋1014",30/1,创新创意设计学院
增材制造,DS203,专业基础课,英文,郝亮,十三级制,3.0,"1-16周,星期三第5-6节 南山智园C1-1012; 1-16周,星期三第7-8节 南山智园C1-1012",30/1,创新创意设计学院
设计历史,DS207,专业基础课,英文,安鹏铖,十三级制,3.0,"1-16周,星期三第1-2节 智园C1栋1014; 2-16双周,星期五第1-2节 智园C1栋1014",30/1,创新创意设计学院
视觉感知与认知,DS209,专业基础课,英文,ZORDAN MIRNA,十三级制,3.0,"1-16周,星期一第1-2节 南山智园C1-1012; 1-16周,星期一第3-4节 南山智园C1-1012",30/1,创新创意设计学院
交互系统设计,DS211,专业基础课,英文,"SEUNGWOO JE,赵悦,SEUNGWOO JE,赵悦",十三级制,3.0,"1-16周,星期二第5-6节 南山智园C1-1012; 1-10,15-16周,星期二第7-8节 南山智园C1-1012; 11-14周,星期二第7-8节 南山智园C1-1114",30/1,创新创意设计学院
产品调查与评估,DS304,专业必修课,英文,"郝亮,赵悦",十三级制,3.0,"1-16周,星期三第1-2节 南山智园C1-1011; 1-16周,星期三第3-4节 南山智园C1-1011",30/5,创新创意设计学院
用户体验与交互,DS322,专业选修课,英文,"罗涛,赵悦",十三级制,3.0,"1-16周,星期一第5-6节 南山智园C1-1010; 1-16周,星期一第7-8节 南山智园C1-1010",35/5,创新创意设计学院
人工智能与设计,DS323,专业选修课,英文,孙效华,十三级制,3.0,"1-16周,星期三第5-6节 南山智园C1-1011; 1-16周,星期三第7-8节 南山智园C1-1011",35/5,创新创意设计学院
叙事与认知,DS331,专业选修课,英文,徐秋石,十三级制,3.0,"1-16周,星期四第3-4节 南山智园C1-1010; 2-16双周,星期二第3-4节 南山智园C1-1010",35/5,创新创意设计学院
研究项目,DS402,专业核心课,英文,徐秋石,十三级制,3.0,"1-16周,星期二第5-6节 智园C1栋1014; 1-16周,星期二第7-8节 智园C1栋1014",20/2,创新创意设计学院
设计的研究方法,DS403,专业核心课,英文,ENZA MIGLIORE,十三级制,3.0,"1-16周,星期一第3-4节 智园C1栋1014; 2-16双周,星期四第3-4节 智园C1栋1014",20/2,创新创意设计学院
经济学,EBA107,专业必修课,双语,谢健,十三级制,3.0,"1-16周,星期三第9-11节 商学院206",50/6,金融系
管理信息系统,EBA203,专业基础课,英文,柯玮玲,十三级制,3.0,"1-16周,星期三第5-6节 商学院207; 1-16周,星期三第9-10节 智华楼502机房",30/4,信息系统与管理工程系
创新思维训练,EBA414,专业基础课,双语,王宇,二级制,3.0,"1-16周,星期五第5-6节 商学院104; 2-16双周,星期三第5-6节 商学院104",60/1,商学院
电路基础,EE104,专业基础课,双语,丛龙庆,十三级制,2.0,"1-16周,星期一第5-6节 一教306",60/3,电子与电气工程系
电路基础,EE104,专业基础课,双语,丛龙庆,十三级制,2.0,"1-16周,星期一第7-8节 一教306",60/3,电子与电气工程系
电路基础,EE104,专业基础课,双语,李晓阳,十三级制,2.0,"1-16周,星期二第5-6节 一教306",60/13,电子与电气工程系
电路基础,EE104,专业基础课,英文,李晓阳,十三级制,2.0,"1-16周,星期二第7-8节 一教306",60/9,电子与电气工程系
模拟电路,EE201-17,专业基础课,双语,张青峰,十三级制,3.0,"1-16周,星期一第1-2节 一教301; 1-15单周,星期三第3-4节 一教301",60/8,电子与电气工程系
模拟电路,EE201-17,专业基础课,双语,张青峰,十三级制,3.0,"1-16周,星期一第5-6节 一教301; 2-16双周,星期三第3-4节 一教301",60/10,电子与电气工程系
模拟电路实验,EE201-17L,专业基础课,英文,徐琳琳,十三级制,1.0,"1-16周,星期二第3-4节 慧园2栋409",32/4,电子与电气工程系
模拟电路实验,EE201-17L,专业基础课,双语,徐琳琳,十三级制,1.0,"1-16周,星期二第5-6节 慧园2栋409",32/5,电子与电气工程系
模拟电路实验,EE201-17L,专业基础课,双语,王小静,十三级制,1.0,"1-16周,星期三第7-8节 慧园2栋409",32/2,电子与电气工程系
模拟电路实验,EE201-17L,专业基础课,双语,王小静,十三级制,1.0,"1-16周,星期四第3-4节 慧园2栋409",32/6,电子与电气工程系
数字电路,EE202-17,专业基础课,中文,曾奕,十三级制,3.0,"1-16周,星期一第5-6节 一教406; 1-15单周,星期三第1-2节 一教406",70/3,电子与电气工程系
数字电路实验,EE202-17L,专业基础课,中文,吴光,十三级制,1.0,"1-16周,星期一第7-8节 慧园2栋410实验室",40/1,电子与电气工程系
固态电子学,EE203,专业选修课,双语,陈树明,十三级制,3.0,"1-16周,星期二第3-4节 一教406; 2-16双周,星期四第3-4节 一教406",80/1,电子与电气工程系
半导体器件导论,EE204,专业核心课,英文,"Aung Ko Ko KYAW,徐琳琳",十三级制,3.0,"1-16周,星期二第5-6节 一教224; 1-12周,星期三第3-4节 慧园2栋410实验室; 13-16周,星期三第3-4节 慧园2栋409",40/3,电子与电气工程系
信号和系统,EE205,专业基础课,英文,"陈霏,吴光",十三级制,3.0,"1-16周,星期四第3-4节 一教224; 1-16周,星期五第5-6节 智华楼506机房",40/5,电子与电气工程系
信号和系统,EE205,专业基础课,双语,"陈霏,王小静",十三级制,3.0,"1-16周,星期四第1-2节 一教224; 1-16周,星期五第3-4节 智华楼501机房",40/22,电子与电气工程系
信号和系统,EE205,专业基础课,双语,"张福才,王小静",十三级制,3.0,"1-16周,星期一第5-6节 一教225; 1-16周,星期二第7-8节 智华楼504机房",40/0,电子与电气工程系
信号和系统,EE205,专业基础课,双语,"张福才,吴光",十三级制,3.0,"1-16周,星期二第5-6节 一教225; 1-16周,星期五第7-8节 智华楼504机房",40/1,电子与电气工程系
工程数学,EE207,专业基础课,中文,何志海,十三级制,4.0,"1-16周,星期一第3-4节 一教301; 1-16周,星期三第1-2节 一教301",60/5,电子与电气工程系
工程数学,EE207,专业基础课,中文,游昌盛,十三级制,4.0,"1-16周,星期一第7-8节 一教406; 1-16周,星期三第5-6节 一教406",60/13,电子与电气工程系
工程电磁场理论,EE208,专业基础课,双语,嘉有为,十三级制,3.0,"1-16周,星期三第7-8节 智华楼302; 1-16周,星期三第9-10节 智华楼509机房",50/5,电子与电气工程系
机器人感知与智能,EE211,专业选修课,双语,王建坤,十三级制,3.0,"1-16周,星期二第1-2节 一教224; 1-16周,星期二第3-4节 工学院南楼433",32/27,电子与电气工程系
光电子技术基础,EE303,专业选修课,双语,徐琳琳,十三级制,3.0,"1-8周,星期四第7-8节 慧园2栋409; 9-16周,星期四第7-8节 慧园2栋410实验室; 主任务: 1-16周,星期三第3-4节 一教306",32/0,电子与电气工程系
光电子技术基础,EE303,专业选修课,双语,徐琳琳,十三级制,3.0,"1-8周,星期五第3-4节 慧园2栋409; 9-16周,星期五第3-4节 慧园2栋410实验室; 主任务: 1-16周,星期三第3-4节 一教306",32/2,电子与电气工程系
集成电路工艺原理,EE305,专业选修课,双语,化梦媛,十三级制,3.0,"1-16周,星期一第3-4节 一教304; 1-16周,星期四第5-6节 智华楼510机房",50/1,电子与电气工程系
半导体光学导论,EE309,专业核心课,双语,ZHANG XINHAI(张新海),十三级制,3.0,"1-16周,星期一第1-2节 一教226; 2-16双周,星期三第5-6节 一教226",50/5,电子与电气工程系
无线通信,EE313,专业核心课,英文,"王锐,吴光",十三级制,3.0,"1-16周,星期一第5-6节 一教224; 1-16周,星期二第3-4节 慧园2栋410实验室",40/4,电子与电气工程系
数据通信和网络,EE315,专业核心课,双语,郭书祥,十三级制,3.0,"1-16周,星期四第3-4节 一教323; 1-16周,星期四第7-8节 智华楼508机房",80/10,电子与电气工程系
微波工程,EE316,专业核心课,英文,"YU MING（于明）,吴光",十三级制,3.0,"1-16周,星期三第3-4节 一教225; 1-16周,星期三第5-6节 慧园2栋410实验室",40/4,电子与电气工程系
电子科学创新实验I,EE317,专业核心课,中文,"徐琳琳,王小静",十三级制,1.0,"1-8周,星期五第5-6节 慧园2栋410实验室; 9-16周,星期五第5-6节 慧园2栋410实验室",40/1,电子与电气工程系
电子科学创新实验II,EE318,专业核心课,双语,徐琳琳,十三级制,1.0,"1-16周,星期六第7-8节 无地点",120/18,电子与电气工程系
数字信号处理,EE323,专业核心课,双语,蔡月飞,十三级制,3.0,"1-16周,星期五第1-2节 智华楼106; 1-16周,星期五第3-4节 智华楼508机房",80/16,电子与电气工程系
传感器与应用,EE342,专业选修课,中文,王太宏,十三级制,3.0,"1-16周,星期一第9-10节 一教224; 2-16双周,星期五第9-10节 一教224",40/16,电子与电气工程系
第三代半导体基础导论,EE345,专业选修课,双语,刘召军,十三级制,3.0,"1-16周,星期三第7-8节 一教225; 1-15单周,星期五第7-8节 一教225",50/6,电子与电气工程系
微机原理与微系统,EE351,专业基础课,双语,姜俊敏,十三级制,3.0,"1-16周,星期二第9-10节 智华楼507机房; 主任务: 1-16周,星期二第7-8节 智华楼108",47/3,电子与电气工程系
微机原理与微系统,EE351,专业基础课,双语,王小静,十三级制,3.0,"1-16周,星期二第9-10节 智华楼511机房; 主任务: 1-16周,星期二第7-8节 智华楼108",50/12,电子与电气工程系
微机原理与微系统,EE351,专业基础课,双语,王小静,十三级制,3.0,"1-16周,星期四第5-6节 智华楼511机房; 主任务: 1-16周,星期二第7-8节 智华楼108",50/6,电子与电气工程系
电子信息科学研究实践 I,EE353,专业选修课,双语,张青峰,二级制,1.0,"1-16周,星期六第5-6节 无地点",10/4,电子与电气工程系
光学系统设计实验,EE373,专业选修课,双语,徐琳琳,十三级制,1.0,"1-16周,星期一第5-6节 慧园2栋410实验室",40/5,电子与电气工程系
电子科学创新实验III,EE405,专业核心课,中文,徐琳琳,十三级制,1.0,"1-16周,星期六第7-8节 无地点",120/5,电子与电气工程系
信息论与编码,EE411,专业选修课,中文,王锐,十三级制,2.0,"1-16周,星期二第5-6节 一教111",110/9,电子与电气工程系
环境学导论,ESE202,专业基础课,英文,郑焰,十三级制,2.0,"1-16周,星期三第3-4节 一教227",30/1,环境科学与工程学院
地质学基础,ESE203,专业基础课,双语,匡星星,十三级制,3.0,"1-16周,星期一第7-8节 智华楼115; 2-16双周,星期三第1-2节 智华楼115",30/1,环境科学与工程学院
环境工程原理,ESE204,专业基础课,中文,裘文慧,十三级制,2.0,"1-16周,星期三第9-10节 一教227",30/0,环境科学与工程学院
城市规划,ESE221,专业选修课,双语,王扬,十三级制,3.0,"1-16周,星期一第9-10节 一教321; 2-16双周,星期四第9-10节 一教321",30/0,环境科学与工程学院
水处理工程,ESE303,专业核心课,双语,王钟颍,十三级制,4.0,"1-16周,星期二第3-4节 一教305; 1-16周,星期四第9-10节 一教305",30/0,环境科学与工程学院
环境科学与工程实验（一）,ESE305,专业核心课,中文,熊鹰,十三级制,1.0,"1-7单周,星期三第5-8节 慧园2栋401; 9-15单周,星期三第5-8节 工学院南楼740",30/0,环境科学与工程学院
水文学原理与应用,ESE307,专业核心课,双语,史海匀,十三级制,3.0,"1-15单周,星期二第1-2节 一教304; 1-16周,星期四第5-6节 一教304",30/0,环境科学与工程学院
环境微生物实验,ESE309,专业选修课,中文,裘文慧,十三级制,1.0,"2-16双周,星期四第5-8节 工学院南楼740",30/0,环境科学与工程学院
生态学概论,ESE313,专业核心课,双语,刘延,十三级制,3.0,"1-16周,星期二第5-6节 一教325; 1-15单周,星期四第7-8节 一教325",40/4,环境科学与工程学院
气象气候学,ESE315,专业核心课,英文,傅宗玫,十三级制,3.0,"1-15单周,星期三第3-4节 一教402; 1-16周,星期五第3-4节 一教402",30/0,环境科学与工程学院
地理信息系统与遥感应用,ESE317,专业核心课,中文,姜丽光,十三级制,3.0,"1-16周,星期一第5-6节 工学院南楼739机房; 1-4周,星期二第9-10节 工学院南楼739机房; 2-16双周,星期三第5-6节 工学院南楼739机房",30/0,环境科学与工程学院
环境分析化学,ESE336,专业选修课,中文,张斌田,十三级制,3.0,"1-16周,星期一第9-10节 一教405; 2-16双周,星期三第7-8节 一教405",40/0,环境科学与工程学院
污染物运移过程,ESE406,专业核心课,双语,LIU CHONGXUAN(刘崇炫),十三级制,3.0,"1-16周,星期二第7-8节 一教405; 2-16双周,星期四第3-4节 一教405",30/0,环境科学与工程学院
数值模拟方法基础,ESE407,专业选修课,中文,李海龙,十三级制,3.0,"1-16周,星期一第3-4节 一教425; 2-16双周,星期三第3-4节 一教425",40/0,环境科学与工程学院
创新设计课程,ESE480,实践,中文,胡清,十三级制,4.0,"1-16周,星期五第5-8节 无地点; 1-16周,星期六第5-8节 无地点",30/1,环境科学与工程学院
创新设计课程（水资源）,ESE481,实践,中文,胡清,十三级制,4.0,"1-16周,星期五第5-8节 无地点; 1-16周,星期六第5-8节 无地点",30/0,环境科学与工程学院
环境仪器分析,ESE5016,专业选修课,中文,熊鹰,等级制,2.0,"1-12周,星期二第5-6节 一教524; 13-16周,星期二第5-8节 工学院北楼环境科学与工程学院实验室647",35/0,环境科学与工程学院
地质学原理,ESS102,专业选修课,双语,陈斌,十三级制,3.0,"1-16周,星期一第5-6节 智华楼114; 1-15单周,星期三第3-4节 智华楼114",30/0,地球与空间科学系
基础天文学,ESS204,专业选修课,双语,景志成,十三级制,3.0,"1-15单周,星期二第3-4节 智华楼114; 1-16周,星期五第5-6节 智华楼114",30/1,地球与空间科学系
计算方法（H）,ESS207,专业基础课,双语,张剑锋,十三级制,3.0,"1-16周,星期五第7-8节 智华楼113; 2-16双周,星期三第3-4节 智华楼113",30/4,地球与空间科学系
行星科学基础,ESS211,专业核心课,双语,林玉峰,十三级制,3.0,"1-16周,星期五第3-4节 智华楼113; 2-16双周,星期二第5-6节 智华楼113",30/1,地球与空间科学系
连续介质力学,ESS213,专业基础课,双语,杨亭,十三级制,3.0,"1-16周,星期一第3-4节 智华楼115; 1-15单周,星期三第9-10节 智华楼115",30/3,地球与空间科学系
地震学原理,ESS311,专业选修课,双语,俞春泉,十三级制,3.0,"1-16周,星期四第3-4节 智华楼114; 2-16双周,星期二第3-4节 智华楼114",30/1,地球与空间科学系
地球与空间科学研究方法与创新训练,ESS484,专业核心课,双语,"陈晓非,任恒鑫",二级制,2.0,"1周,星期一第9-10节 智华楼113; 1-16周,星期一第11-11节 智华楼113; 2-16周,星期一第9-10节 智华楼113",10/1,地球与空间科学系
空间等离子体物理学,ESS5033,专业必修课,中文,刘凯军,等级制,3.0,"1-16周,星期三第5-6节 智华楼309; 2-16双周,星期一第5-6节 智华楼309",50/1,地球与空间科学系
空间探测原理和技术,ESS5058,专业核心课,英文,叶生毅,等级制,3.0,"1-16周,星期二第3-4节 智华楼308; 1-16周,星期四第3-4节 智华楼308",40/0,地球与空间科学系
金融科技原理,FET102,专业选修课,英文,DIDIER PAUL CHARLES ROBERT SORNETTE,十三级制,3.0,"1-16周,星期五第5-6节 商学院206; 2-16双周,星期二第5-6节 商学院206",40/0,金融系
商业银行,FET204,专业必修课,中文,杨旭宁,十三级制,3.0,"1-15单周,星期二第5-6节 商学院207; 1-16周,星期五第3-4节 商学院207",50/3,金融系
微观经济学,FIN201,专业基础课,中文,李润,十三级制,3.0,"1-16周,星期二第1-2节 商学院107; 1-15单周,星期四第3-4节 商学院107",30/7,金融系
微观经济学,FIN201,专业基础课,英文,陈德麟,十三级制,3.0,"1-16周,星期二第3-4节 商学院207; 2-16双周,星期四第3-4节 商学院207",30/1,金融系
金融与创业前沿论坛II,FIN202,专业选修课,双语,Wang Shaun Shuxun,十三级制,1.5,"1-12周,星期二第7-8节 商学院208",40/4,金融系
财务会计,FIN203,专业基础课,双语,王文峰,十三级制,3.0,"1-16周,星期一第3-4节 商学院207; 2-16双周,星期四第1-2节 商学院207",60/4,金融系
宏观经济学,FIN204,专业基础课,双语,周皓,十三级制,3.0,"1-16周,星期三第3-4节 商学院206; 2-16双周,星期一第5-6节 商学院206",40/5,金融系
公司金融,FIN206,专业核心课,双语,王缘,十三级制,3.0,"1-16周,星期三第5-6节 商学院206; 2-16双周,星期一第7-8节 商学院206",60/1,金融系
金融投资概论,FIN301,专业必修课,双语,陈路明,十三级制,3.0,"1-15单周,星期二第9-10节 商学院207; 1-16周,星期四第9-10节 商学院207",60/6,金融系
计量经济学,FIN303,专业基础课,双语,孙便霞,十三级制,3.0,"1-3,5-7,9-12,14-16周,星期一第3-4节 商学院206; 1-15单周,星期四第3-4节 商学院206; 4,8,13周,星期一第3-4节 智华楼501机房",40/1,金融系
人工智能及金融应用,FIN311,专业必修课,双语,周彤,十三级制,3.0,"1-16周,星期三第3-4节 商学院207; 2-16双周,星期一第5-6节 商学院207",40/1,金融系
金融建模与定价分析,FIN409,专业必修课,中文,杨招军,十三级制,3.0,"1-15单周,星期一第5-6节 商学院208; 1-16周,星期三第5-6节 商学院208",40/2,金融系
公司金融案例分析,FIN417,专业必修课,中文,杨旭宁,十三级制,3.0,"1-15单周,星期一第7-8节 商学院207; 1-16周,星期四第5-6节 商学院207",40/0,金融系
证券投资,FMA303,专业必修课,双语,杨燕,十三级制,3.0,"1-16周,星期三第5-6节 智华楼304; 1-15单周,星期五第3-4节 智华楼304",50/4,数学系
金融风险管理,FMA304,专业核心课,双语,曾萍萍,十三级制,3.0,"1-16周,星期四第5-6节 智华楼306; 2-16双周,星期二第5-6节 智华楼306",50/1,数学系
数学规划,IDE201,专业基础课,双语,王松昊,十三级制,3.0,"1-16周,星期一第7-8节 商学院209; 1-15单周,星期三第7-8节 商学院209",40/2,商学院
生产运作管理,IDE306,专业核心课,双语,陈康林,十三级制,3.0,"1-16周,星期二第7-8节 商学院209; 1-15单周,星期四第3-4节 商学院209",40/1,商学院
智能系统与工业工程,IDE308,专业基础课,双语,郝帅,十三级制,3.0,"1-16周,星期一第3-4节 商学院208; 1-16周,星期二第3-4节 智华楼501机房",40/1,商学院
线性代数精讲,MA109,专业基础课,双语,陈懿茂,十三级制,4.0,"1-16周,星期二第5-6节 智华楼204; 1-16周,星期五第3-4节 智华楼204",80/7,数学系
常微分方程B,MA201b,专业基础课,双语,张文龙,十三级制,4.0,"1-16周,星期二第3-4节 商学院101; 1-15单周,星期四第3-4节 商学院101",100/16,数学系
数学分析III,MA203a,专业基础课,中文,付云皓,十三级制,5.0,"1-16周,星期一第7-8节 智华楼203; 1-16周,星期三第7-8节 智华楼203",80/10,数学系
数理统计,MA204,专业基础课,双语,JIANGUO SUN,十三级制,3.0,"1-16周,星期二第1-2节 智华楼103; 2-16双周,星期四第1-2节 智华楼103",45/10,统计与数据科学系
数学实验,MA207,专业选修课,双语,吴开亮,十三级制,3.0,"1-16周,星期三第7-8节 智华楼303; 1-16周,星期三第9-10节 智华楼508机房",56/1,数学系
初等数论,MA209-16,专业基础课,双语,陆康,十三级制,3.0,"1-16周,星期一第5-6节 智华楼202; 2-16双周,星期三第5-6节 智华楼202",80/6,数学系
概率论与数理统计,MA212,专业基础课,双语,温家强,十三级制,3.0,"1-16周,星期一第3-4节 智华楼108; 1-15单周,星期三第7-8节 智华楼108",110/31,数学系
概率论与数理统计,MA212,专业基础课,双语,温家强,十三级制,3.0,"1-16周,星期一第7-8节 智华楼108; 1-15单周,星期三第3-4节 智华楼108",110/16,数学系
概率论与数理统计,MA212,专业基础课,双语,李涛,十三级制,3.0,"1-16周,星期二第5-6节 智华楼108; 2-16双周,星期四第1-2节 智华楼108",110/7,数学系
数学分析精讲,MA213-16,专业基础课,双语,夏昌玉,十三级制,5.0,"1-16周,星期二第7-8节 一教110; 1-16周,星期五第7-8节 一教107",100/4,数学系
概率论,MA215,专业基础课,双语,熊捷,十三级制,4.0,"1-15单周,星期三第5-6节 智华楼103; 1-16周,星期五第5-6节 智华楼103",60/7,数学系
概率论,MA215,专业基础课,英文,杨光,十三级制,4.0,"1-16周,星期一第3-4节 智华楼103; 1-15单周,星期三第3-4节 智华楼103",60/4,数学系
计算金融,MA216,专业选修课,双语,李景治,十三级制,3.0,"1-15单周,星期二第9-10节 智华楼202; 1-16周,星期四第9-10节 智华楼202",60/10,数学系
非寿险精算,MA228,专业选修课,双语,古嘉雯,十三级制,3.0,"1-16周,星期一第5-6节 智华楼304; 2-16双周,星期五第5-6节 智华楼304",56/2,数学系
数学分析III(H),MA231,专业基础课,中文,袁望钧,十三级制,5.0,"1-16周,星期二第3-4节 智华楼306; 1-16周,星期四第3-4节 智华楼306",10/6,数学系
初等数论(H),MA237,专业基础课,英文,QING XIANG（向青）,十三级制,3.0,"1-16周,星期一第5-6节 智华楼305; 2-16双周,星期三第5-6节 智华楼305",10/6,数学系
实变函数,MA301,专业选修课,英文,师子鸣,十三级制,3.0,"1-16周,星期三第7-8节 智华楼304; 2-16双周,星期一第7-8节 智华楼304",56/6,数学系
实变函数,MA301,专业选修课,双语,Man Shun Ma,十三级制,3.0,"1-16周,星期四第3-4节 智华楼103; 2-16双周,星期一第7-8节 智华楼103",60/5,数学系
偏微分方程,MA303,专业选修课,双语,董世杰,十三级制,3.0,"1-15单周,星期三第5-6节 一教323; 1-16周,星期五第3-4节 一教323",70/1,数学系
偏微分方程,MA303,专业选修课,英文,"SANTORO SALOMAO, PEDRO ANTONIO",十三级制,3.0,"1-16周,星期一第3-4节 一教323; 2-16双周,星期三第3-4节 一教323",70/2,数学系
数值分析,MA305,专业选修课,双语,杨将,十三级制,3.0,"1-16周,星期二第5-6节 智华楼205; 2-16双周,星期四第5-6节 智华楼205",60/2,数学系
统计计算与软件,MA308,专业必修课,双语,李曾,十三级制,3.0,"1-15单周,星期一第3-4节 智华楼203; 1-16周,星期三第3-4节 智华楼203",60/6,统计与数据科学系
时间序列分析,MA309,专业必修课,双语,张浩然,十三级制,3.0,"1-16周,星期四第7-8节 智华楼103; 2-16双周,星期二第3-4节 智华楼103",70/7,统计与数据科学系
数学之英文写作,MA320,专业选修课,双语,胡勇,十三级制,3.0,"1-15单周,星期二第5-6节 智华楼203; 1-16周,星期四第3-4节 智华楼203",70/0,数学系
群表示论,MA321,专业选修课,英文,STAVROS GAROUFALIDIS,十三级制,3.0,"1-16周,星期二第7-8节 智华楼303; 2-16双周,星期四第5-6节 智华楼303",56/5,数学系
拓扑学,MA323,专业选修课,英文,朱一飞,十三级制,3.0,"1-16周,星期五第5-6节 智华楼303; 2-16双周,星期二第5-6节 智华楼303",56/8,数学系
偏微分方程(H),MA336,专业核心课,双语,李立颖,十三级制,3.0,"1-16周,星期二第3-4节 智华楼305; 1-15单周,星期四第3-4节 智华楼305",10/8,数学系
实变函数(H),MA337,专业核心课,双语,杨童鸥,十三级制,3.0,"1-16周,星期三第3-4节 智华楼305; 2-16双周,星期五第3-4节 智华楼305",10/12,数学系
动力系统,MA401,专业选修课,英文,Maria Alejandra Rodriguez Hertz,十三级制,3.0,"1-16周,星期二第1-2节 智华楼305; 1-15单周,星期四第1-2节 智华楼305",50/4,数学系
材料力学,MAE202,专业核心课,英文,张新,十三级制,3.0,"1-16周,星期二第3-4节 一教227; 2-16双周,星期四第3-4节 一教227",50/0,力学与航空航天工程系
理论力学I,MAE203,专业基础课,英文,黄克服,十三级制,3.0,"1-16周,星期二第1-2节 一教123; 1-15单周,星期四第1-2节 一教123",40/0,力学与航空航天工程系
理论力学I-B,MAE203B,专业基础课,英文,杨灿辉,十三级制,3.0,"1-16周,星期四第3-4节 智华楼202; 2-16双周,星期二第9-10节 智华楼202",60/9,力学与航空航天工程系
理论力学I-B,MAE203B,专业基础课,英文,杜婧,十三级制,3.0,"1-16周,星期一第3-4节 一教406; 1-15单周,星期三第3-4节 一教406",60/6,力学与航空航天工程系
工程流体力学,MAE207,专业基础课,英文,万敏平,十三级制,3.0,"1-16周,星期二第3-4节 一教225; 2-16双周,星期四第9-10节 一教225",30/2,力学与航空航天工程系
工程流体力学,MAE207,专业基础课,英文,NICHOLAS ALEXANDER WORTH,十三级制,3.0,"1-16周,星期一第7-8节 一教403; 1-15单周,星期三第7-8节 一教403",30/0,力学与航空航天工程系
工程软件选讲,MAE208,专业选修课,双语,"刘晓宇,肖思,赵晓争",十三级制,2.0,"1-5周,星期五第5-8节 工学院北楼1015; 6-10周,星期五第5-8节 工学院北楼1015; 11-16周,星期五第5-8节 工学院北楼1015",20/0,力学与航空航天工程系
工程数学基础,MAE209,专业基础课,双语,杨东,十三级制,4.0,"1-16周,星期一第5-6节 一教325; 1-16周,星期三第5-6节 一教325",60/3,力学与航空航天工程系
流体力学,MAE303,专业核心课,中文,贺梦飞,十三级制,4.0,"1-16周,星期二第3-4节 一教424; 1-16周,星期四第3-4节 一教424",40/4,力学与航空航天工程系
工程热力学,MAE305,专业基础课,双语,黄仕迪,十三级制,3.0,"1-16周,星期五第3-4节 一教326; 2-16双周,星期三第3-4节 一教326",50/1,力学与航空航天工程系
航空结构强度,MAE307,专业选修课,双语,袁鸿雁,十三级制,3.0,"1-16周,星期一第1-2节 一教125; 2-16双周,星期三第1-2节 一教125",30/2,力学与航空航天工程系
计算固体力学,MAE310,专业选修课,英文,刘巨,十三级制,3.0,"1-16周,星期一第7-8节 一教324; 1-15单周,星期四第9-10节 一教324",30/0,力学与航空航天工程系
航空飞行器动力学,MAE312,专业选修课,中文,高立豪,十三级制,3.0,"1-16周,星期一第9-10节 一教227; 2-16双周,星期四第7-8节 一教227",30/0,力学与航空航天工程系
航空热流体实验,MAE315,专业核心课,双语,赵晓争,十三级制,2.0,"1-16周,星期二第5-8节 工学院北楼137",20/1,力学与航空航天工程系
振动理论,MAE318,专业选修课,英文,李明武,十三级制,3.0,"1-15单周,星期三第3-4节 一教322; 1-16周,星期五第3-4节 一教322",30/1,力学与航空航天工程系
燃烧学,MAE322,专业核心课,双语,周波,十三级制,3.0,"1-16周,星期一第3-4节 一教401; 1-15单周,星期三第9-10节 一教401",30/1,力学与航空航天工程系
固体力学实验,MAE401-16,专业核心课,双语,肖思,十三级制,3.0,"1-16周,星期三第5-10节 工学院北楼136",30/3,力学与航空航天工程系
计算流体力学,MAE403,专业选修课,英文,王连平,十三级制,3.0,"1-16周,星期一第5-6节 一教326; 1-15单周,星期四第7-8节 一教326",30/2,力学与航空航天工程系
空气动力学,MAE405,专业选修课,双语,王建春,十三级制,3.0,"1-16周,星期二第9-10节 一教226; 2-16双周,星期四第1-2节 一教226",30/1,力学与航空航天工程系
飞行器设计团队实践,MAE417,专业选修课,双语,高立豪,十三级制,3.0,"1-8周,星期三第5-6节 智华楼201; 1-8周,星期四第5-6节 智华楼201; 9-16周,星期三第5-8节 工学院北楼642; 9-16周,星期四第5-6节 工学院北楼642",30/0,力学与航空航天工程系
航空声学与气动噪声,MAE5017,专业选修课,英文,刘宇,等级制,3.0,"1-15单周,星期三第3-4节 智华楼310; 1-16周,星期五第3-4节 智华楼310",40/0,力学与航空航天工程系
断裂力学,MAE5021,专业核心课,英文,贾子安,等级制,3.0,"1-16周,星期三第5-6节 一教501; 2-16双周,星期五第5-6节 一教501",40/0,力学与航空航天工程系
代数专题-群论,MAT7044,专业选修课,英文,Vyacheslav Futorny,十三级制,3.0,"1-16周,星期一第5-6节 智华楼302; 1-15单周,星期三第5-6节 智华楼302",56/1,数学系
偏微分方程 (上),MAT7068,专业选修课,英文,苏琳琳,等级制,3.0,"1-15单周,星期一第3-4节 智华楼301; 1-16周,星期三第3-4节 智华楼301",50/0,数学系
组合数学专题,MAT7080,专业选修课,英文,Ferdinand Ihringer,等级制,3.0,"1-16周,星期二第7-8节 智华楼310; 1-15单周,星期五第7-8节 智华楼310",40/0,数学系
凸优化算法,MAT7083,专业选修课,英文,张进,等级制,3.0,"1-16周,星期三第9-11节 智华楼302",50/6,数学系
应用数学专题,MAT7091,专业选修课,英文,Alexander Kurganov,等级制,3.0,"1-16周,星期一第9-11节 智华楼308",40/1,数学系
随机过程,MAT7092,专业选修课,英文,袁望钧,等级制,3.0,"1-16周,星期四第9-11节 智华楼306",50/0,数学系
随机分析及其在金融中的应用,MAT7094,专业选修课,英文,杨光,等级制,3.0,"1-16周,星期一第9-11节 智华楼103",50/2,数学系
概率统计专题,MAT7102,专业选修课,英文,邵启满,等级制,3.0,"1-16周,星期一第7-8节 智华楼309; 2-16双周,星期三第7-8节 智华楼309",40/1,统计与数据科学系
计算统计,MAT7105,专业选修课,中文,田国梁,等级制,3.0,"1-16周,星期二第7-8节 商学院104; 1-15单周,星期四第3-4节 商学院104",60/4,统计与数据科学系
多元复分析,MAT7584,专业选修课,英文,Ilja Kossovskij,等级制,3.0,"1-16周,星期一第5-6节 智华楼308; 2-16双周,星期四第5-6节 智华楼308",40/1,数学系
抽象代数II,MAT8020,专业必修课,英文,李展,等级制,3.0,"1-16周,星期四第9-11节 智华楼310",40/3,数学系
组合数学,MAT8022,专业必修课,英文,向子卿,等级制,3.0,"1-16周,星期三第9-11节 智华楼301",50/0,数学系
微分流形,MAT8024,专业必修课,英文,INGRID MARY IRMER,等级制,3.0,"1-16周,星期一第7-8节 一教124; 2-16双周,星期四第7-8节 一教124",40/3,数学系
动力系统引论,MAT8025,专业必修课,英文,Raul Mario Ures De La Madrid,等级制,3.0,"1-16周,星期一第1-2节 智华楼308; 1-15单周,星期三第1-2节 智华楼308",40/0,数学系
测度论,MAT8027,专业必修课,英文,夏昌玉,等级制,3.0,"1-16周,星期一第5-6节 商学院226; 1-15单周,星期四第5-6节 商学院226",50/1,数学系
科学计算,MAT8028,专业必修课,英文,Alexander Kurganov,等级制,3.0,"1-15单周,星期三第7-8节 商学院225; 1-16周,星期五第3-4节 商学院225",50/1,数学系
应用数学方法,MAT8029,专业必修课,英文,张振,等级制,3.0,"1-16周,星期二第3-4节 商学院206; 2-16双周,星期四第3-4节 商学院206",50/2,数学系
现代概率论,MAT8030,专业必修课,英文,李立颖,等级制,3.0,"1-16周,星期二第9-11节 智华楼104",80/5,数学系
高等统计学,MAT8031,专业选修课,英文,翁浩雷,等级制,3.0,"1-15单周,星期三第5-6节 商学院104; 1-16周,星期五第3-4节 商学院104",80/0,统计与数据科学系
数论,MAT8040,专业必修课,英文,高辉,等级制,3.0,"1-16周,星期五第9-10节 智华楼310; 2-16双周,星期一第9-10节 智华楼310",40/2,数学系
CAD与工程制图,ME102,专业基础课,双语,"郭艺璇,黄业绪,肖啸川",十三级制,3.0,"1-16周,星期二第5-7节 智华楼501机房; 主任务: 1-12周,星期一第7-8节 智华楼106",45/10,机械与能源工程系
CAD与工程制图,ME102,专业基础课,双语,"郭艺璇,黄业绪,肖啸川",十三级制,3.0,"1-16周,星期三第5-7节 智华楼501机房; 主任务: 1-12周,星期一第7-8节 智华楼106",45/4,机械与能源工程系
CAD与工程制图,ME102,专业基础课,双语,"郭艺璇,黄业绪,肖啸川",十三级制,3.0,"1-16周,星期五第5-7节 智华楼501机房; 主任务: 1-12周,星期一第7-8节 智华楼106",45/9,机械与能源工程系
制造工程认知实践,ME103,专业基础课,双语,"黄渊建,路冬",十三级制,3.0,"1-16周,星期二第5-8节 慧园2栋一楼; 主任务: 1-15单周,星期一第9-10节 一教323",30/4,机械与能源工程系
制造工程认知实践,ME103,专业基础课,双语,"路冬,曾千里",十三级制,3.0,"1-16周,星期五第5-8节 慧园2栋一楼; 主任务: 1-15单周,星期一第9-10节 一教323",30/9,机械与能源工程系
材料力学M,ME212,专业基础课,双语,何斌斌,十三级制,3.0,"1-16周,星期五第3-4节 一教327; 2-16双周,星期三第3-4节 一教427",70/12,机械与能源工程系
机械原理,ME213,专业核心课,双语,冯慧娟,十三级制,3.0,"1-16周,星期二第7-8节 一教225; 2-16双周,星期四第3-4节 一教225",55/5,机械与能源工程系
热工基础,ME271,专业基础课,双语,林蒙,十三级制,4.0,"1-16周,星期一第5-6节 一教305; 1-16周,星期三第9-10节 一教305",35/2,机械与能源工程系
机械制造基础,ME302,专业核心课,双语,邓辉,十三级制,3.0,"1-16周,星期三第1-2节 一教404; 1-15单周,星期五第5-6节 一教404",30/1,机械与能源工程系
控制工程基础,ME307,专业基础课,英文,"黄业绪,郑裕基",十三级制,3.0,"9-16周,星期四第3-4节 工学院北楼235; 主任务: 1-16周,星期一第3-4节 一教225; 1-7单周,星期四第3-4节 一教225",60/6,机械与能源工程系
机械设计,ME311,专业核心课,双语,郭艺璇,十三级制,3.0,"1-16周,星期二第3-4节 一教526; 2-16双周,星期四第9-10节 一教526",40/13,机械与能源工程系
机械设计,ME311,专业核心课,英文,谢哲新,十三级制,3.0,"1-16周,星期二第3-4节 一教505; 2-16双周,星期四第9-10节 一教505",40/1,机械与能源工程系
机械原理设计实验,ME316,专业核心课,双语,"肖啸川,曾千里",十三级制,2.0,"1-16周,星期一第5-6节 工学院北楼235; 1-16周,星期四第5-6节 工学院北楼235",50/3,机械与能源工程系
机器人驱动系统,ME322,专业核心课,双语,"黄业绪,王宏强",十三级制,3.0,"1-16周,星期四第7-8节 工学院北楼235; 主任务: 1-16周,星期三第7-8节 一教301",65/5,机械与能源工程系
传感原理,ME323,专业核心课,双语,"黄渊建,马鑫",十三级制,3.0,"9-16周,星期三第3-4节 工学院北楼138; 主任务: 1-16周,星期一第3-4节 一教526; 1-7单周,星期三第3-4节 一教526",50/9,机械与能源工程系
机器人建模与控制,ME331,专业核心课,双语,贾振中,十三级制,3.0,"1-16周,星期一第7-8节 一教426; 1-15单周,星期三第5-6节 一教426",30/0,机械与能源工程系
机器人建模与控制,ME331,专业核心课,双语,周利锋,十三级制,3.0,"1-16周,星期五第7-8节 一教426; 2-16双周,星期三第5-6节 一教426",30/0,机械与能源工程系
机器人操作系统,ME332,专业选修课,双语,"黄渊建,柯文德,曾千里",十三级制,3.0,"1-16周,星期三第5-6节 一教327; 主任务: 1-16周,星期一第1-2节 一教327",80/14,机械与能源工程系
机电一体化系统,ME333,专业核心课,双语,"柯文德,曾千里",十三级制,3.0,"1-16周,星期二第3-4节 工学院北楼138; 主任务: 1-16周,星期一第7-8节 一教304",40/1,机械与能源工程系
功能软材料3D打印–基础、工程与应用,ME364,专业选修课,双语,刘吉,十三级制,3.0,"1-16周,星期二第7-8节 一教424; 2-16双周,星期五第5-6节 一教424",35/2,机械与能源工程系
光电与光化学转化原理,ME371,专业核心课,双语,陈熹翰,十三级制,3.0,"1-16周,星期三第3-4节 一教401; 2-16双周,星期一第5-6节 一教401",20/2,机械与能源工程系
电化学原理,ME372,专业核心课,双语,曾林,十三级制,3.0,"1-16周,星期二第5-6节 一教403; 1-15单周,星期四第3-4节 一教403",30/2,机械与能源工程系
能源材料化学,ME373,专业核心课,双语,曾国松,十三级制,3.0,"1-16周,星期一第3-4节 一教404; 2-16双周,星期四第3-4节 一教404",30/2,机械与能源工程系
电化学测量,ME384,专业选修课,双语,魏磊,十三级制,3.0,"1-15单周,星期一第5-6节 一教405; 1-16周,星期三第5-8节 工学院北楼332A",20/2,机械与能源工程系
增材制造与设计,ME462,专业选修课,双语,白家鸣,十三级制,3.0,"1-16周,星期五第3-4节 一教401; 2-16双周,星期三第7-8节 一教401",40/1,机械与能源工程系
医学史,MED103,专业选修课,双语,ZHANG JIAN(张健),二级制,2.0,"1-16周,星期一第7-8节 一教420",30/11,医学院
医学有机化学,MED105,专业基础课,双语,曹丽伟,十三级制,4.0,"1-16周,星期二第5-6节 一教422; 1-16周,星期五第5-6节 一教422",30/11,医学院
卫生经济学,MED107,专业选修课,双语,韩昕昕,二级制,2.0,"1-16周,星期一第5-6节 一教421",30/3,医学院
医院管理学概论,MED111,专业选修课,双语,韩昕昕,二级制,2.0,"1-16周,星期五第5-6节 一教420",30/2,医学院
医学微生物学,MED202,专业基础课,英文,李姗,十三级制,3.0,"1-15单周,星期三第3-4节 一教420; 1-16周,星期五第3-4节 一教420",30/3,医学院
医学生物化学A,MED203A,专业基础课,双语,秦超,十三级制,4.0,"1-16周,星期二第3-4节 一教422; 1-16周,星期五第3-4节 一教422",30/3,医学院
医学生物化学A,MED203A,专业基础课,双语,刘泉,十三级制,4.0,"1-16周,星期二第3-4节 一教221; 1-16周,星期五第3-4节 一教221",15/4,医学院
医学分子生物学,MED204,专业基础课,双语,GUOAN CHEN（陈国安）,十三级制,3.0,"1-16周,星期一第3-4节 一教420; 2-16双周,星期三第3-4节 一教420",20/5,医学院
医学分子生物学,MED204,专业基础课,双语,李婉秋,十三级制,3.0,"1-16周,星期二第3-4节 一教420; 2-16双周,星期四第3-4节 一教420",20/1,医学院
医学细胞生物学,MED205,专业基础课,双语,田瑞琳,十三级制,3.0,"1-15单周,星期二第3-4节 一教421; 1-16周,星期五第3-4节 一教421",30/1,医学院
生物医学基础实验,MED206,专业基础课,英文,孟煊,十三级制,2.0,"1-16周,星期五第5-8节 台州楼401-3（分子医学实验室1）",32/7,医学院
人体解剖学Ⅰ,MED207,专业基础课,双语,"任铭新,王林",十三级制,3.0,"1-16周,星期三第5-8节 检测中心301-人体解剖学实验室2; 1-16周,星期三第9-9节 检测中心301-人体解剖学实验室2",30/0,医学院
神经解剖学,MED209,专业基础课,双语,"任铭新,王林",十三级制,1.5,"1-16周,星期四第3-3节 检测中心301-人体解剖学实验室2; 1-16周,星期四第4-4节 检测中心301-人体解剖学实验室2",30/6,医学院
生理学,MED210,专业基础课,双语,曹惠玲,十三级制,3.0,"1-16周,星期一第1-2节 一教421; 2-16双周,星期三第1-2节 一教421",30/8,医学院
病理生理学,MED211,专业基础课,双语,李宗强,十三级制,3.0,"1-16周,星期一第5-6节 一教422; 2-16双周,星期三第9-10节 一教422",30/7,医学院
医学微生物实验,MED216,专业基础课,英文,王博,十三级制,1.0,"1-16周,星期四第7-8节 生物楼502-1生物医学综合实验室I",32/6,医学院
循证医学研究方法与临床试验,MED217,专业选修课,双语,赵健,二级制,2.0,"1-16周,星期一第9-10节 一教420",30/2,医学院
现代分子生物学,MED219,专业基础课,英文,贾宁,十三级制,3.0,"1-16周,星期三第3-4节 一教405; 1-15单周,星期五第3-4节 一教405",30/5,医学院
分子微生物学,MED221,专业基础课,英文,梁海华,十三级制,3.0,"1-15单周,星期一第3-4节 一教422; 1-16周,星期四第3-4节 一教422",30/4,医学院
精神心理疾病流行病学基础,MED236,专业选修课,双语,苏莹莹,二级制,3.0,"1-16周,星期一第9-10节 一教403; 2-16双周,星期三第9-10节 一教403",30/4,医学院
口腔医学导论,MED237,专业基础课,双语,"王松灵,口腔医学教研室",二级制,2.0,"1-2,14,15周,星期三第3-4节 一教424; 3-13,16周,星期三第3-4节 一教424",30/2,医学院
多组学技术原理与应用,MED242,专业选修课,双语,方晓东,十三级制,3.0,"1-16周,星期五第9-10节 一教420; 2-16双周,星期三第9-10节 一教420",30/1,医学院
生理学与病理生理学 I,MED304,专业核心课,英文,王子龙,十三级制,3.0,"1-16周,星期二第3-4节 一教405; 2-16双周,星期五第3-4节 一教405",30/4,医学院
组织学与胚胎学,MED306,专业基础课,双语,"朱文亮,李兰",十三级制,3.0,"1-16周,星期二第5-6节 台州楼401-11（显微数码互动实验室1）; 1-16周,星期二第7-8节 台州楼401-11（显微数码互动实验室1）",40/0,医学院
病理学,MED307,专业基础课,英文,"ZHANG WENYONG（张文勇）,李兰",十三级制,3.0,"1-16周,星期一第1-2节 台州楼401-11（显微数码互动实验室1）; 1-16周,星期一第3-4节 台州楼401-11（显微数码互动实验室1）",40/18,医学院
医学神经生物学,MED309,专业选修课,英文,SONG XUEJUN(宋学军),十三级制,3.0,"1-16周,星期三第5-6节 一教421; 2-16双周,星期一第7-8节 一教421",30/4,医学院
流行病学与预防医学,MED312,专业基础课,双语,梁凤超,十三级制,2.0,"1-16周,星期五第7-8节 一教420",30/7,医学院
医学心理学,MED315,专业基础课,双语,张迎黎-外聘,二级制,2.0,"1-16周,星期四第7-8节 南科大第一附属医院",50/10,医学院
医学人工智能导论,MED331,专业基础课,双语,LIU JIANG（刘江）,十三级制,2.0,"1-16周,星期二第1-2节 一教227",40/9,医学院
肿瘤生物学原理,MED333,专业选修课,双语,董金堂,十三级制,3.0,"1-16周,星期二第9-10节 一教420; 1-15单周,星期四第9-10节 一教420",30/8,医学院
人体机能与药理学实验,MED339,专业基础课,双语,张婷,十三级制,2.0,"1-16周,星期二第5-8节 台州楼401-17（机能学实验室）",30/6,医学院
人体机能与药理学实验,MED339,专业基础课,双语,张婷,十三级制,2.0,"1-16周,星期四第5-8节 台州楼401-17（机能学实验室）",30/9,医学院
药理学A,MED403A,专业基础课,双语,王玉琨,十三级制,3.0,"1-16周,星期三第1-2节 一教420; 2-16双周,星期五第1-2节 一教420",30/13,医学院
医学遗传学,MED404,专业基础课,双语,张宝童,十三级制,3.0,"1-16周,星期二第3-4节 一教402; 1-15单周,星期五第1-2节 一教402",30/11,医学院
医学免疫学,MED405,专业基础课,双语,XIAO GUOZHI(肖国芝),十三级制,3.0,"1-16周,星期三第3-4节 一教404; 1-15单周,星期五第3-4节 一教404",25/7,医学院
医学免疫学,MED405,专业基础课,双语,张志荣,十三级制,3.0,"1-16周,星期一第7-8节 一教422; 1-15单周,星期四第5-6节 一教422",25/1,医学院
外科学（一）,MED406,专业核心课,双语,"外科学教研室,王博",十三级制,3.0,"1-16周,星期一第1-2节 南科大第一附属医院; 1-16周,星期一第3-4节 南科大第一附属医院",50/9,医学院
内科学（一）,MED407,专业核心课,双语,内科学教研室,十三级制,3.0,"1-16周,星期四第1-2节 南科大第一附属医院; 1-16周,星期四第3-4节 南科大第一附属医院",50/9,医学院
妇产科学,MED408,专业选修课,双语,妇产科学教研室,十三级制,4.5,"1-16周,星期五第1-3节 南科大第一附属医院; 1-16周,星期五第4-6节 南科大第一附属医院",50/9,医学院
儿科学,MED409,专业核心课,双语,儿科学教研室,十三级制,4.5,"1-16周,星期二第1-3节 南科大第一附属医院; 1-16周,星期二第4-6节 南科大第一附属医院",50/9,医学院
口腔科学,MED410,专业核心课,双语,口腔医学教研室,十三级制,1.5,"1-16周,星期二第7-7节 南科大第一附属医院; 1-16周,星期二第8-8节 南科大第一附属医院",50/9,医学院
传染病学,MED411,专业核心课,双语,"传染病学教研室,孟煊",十三级制,1.5,"1-16周,星期三第7-7节 南科大第一附属医院; 1-16周,星期三第8-8节 南科大第一附属医院",50/9,医学院
全科医学概论,MED429,专业核心课,双语,全科医学教研室,十三级制,1.0,"1-15单周,星期三第3-4节 南科大第一附属医院",50/8,医学院
医学人文及职业素养,MED432,专业选修课,双语,医学人文教研室,二级制,1.0,"1-16周,星期五第7-8节 南科大第一附属医院",30/2,医学院
多模态医学数据分析与人工智能,MED5085,专业选修课,英文,叶烨,等级制,3.0,"1-16周,星期一第9-11节 智华楼501机房",30/0,公共卫生及应急管理学院
实验室安全通识基础,MEE5004,通识必修课,中文,"曾林,黄渊建,曾千里,黄业绪",二级制,1.0,"1-4周,星期六第5-8节 智华楼106",120/6,机械与能源工程系
微加工与微系统,MEE5107,专业选修课,英文,胡程志,等级制,3.0,"1-16周,星期一第9-11节 一教124",45/0,机械与能源工程系
高等机构动力学,MEE5116,专业选修课,中文,潘阳,等级制,3.0,"1-16周,星期二第7-8节 一教125; 1-16周,星期三第3-4节 工学院北楼235",30/0,机械与能源工程系
断裂力学与失效分析,MEE5205,专业核心课,中文,ZHU QIANG(朱强),等级制,3.0,"1-16周,星期一第7-8节 一教123; 1-15单周,星期三第7-8节 一教123",45/0,机械与能源工程系
软物质物理基础,MEE5214,专业选修课,英文,韦齐和,等级制,3.0,"1-16周,星期四第3-4节 一教426; 2-16双周,星期二第3-4节 一教426",30/0,机械与能源工程系
柔性电子制造：材料、器件与工艺,MEE5215,专业选修课,中文,丘龙斌,等级制,3.0,"1-15单周,星期二第3-4节 一教525; 1-16周,星期四第7-8节 一教525",40/1,机械与能源工程系
功能软材料与4D打印,MEE5216,专业选修课,英文,葛锜,等级制,3.0,"1-15单周,星期三第5-6节 一教226; 1-16周,星期五第3-4节 一教226",35/0,机械与能源工程系
复合制造技术前沿,MEE5304,专业核心课,中文,吴勇波,等级制,3.0,"1-16周,星期二第5-6节 一教525; 1-15单周,星期四第5-6节 一教525",45/0,机械与能源工程系
锂离子电池技术,MEE5410,专业选修课,中文,李一举,等级制,3.0,"1-15单周,星期二第7-8节 一教123; 1-16周,星期五第3-4节 一教123",40/0,机械与能源工程系
营销学,MIS202,专业基础课,双语,李少波,十三级制,3.0,"1-15单周,星期一第9-10节 商学院206; 1-16周,星期五第1-2节 商学院206",25/8,信息系统与管理工程系
运筹与决策分析,MIS204,专业基础课,英文,顾理一,十三级制,3.0,"1-16周,星期二第5-6节 商学院209; 1-16周,星期二第9-10节 智华楼504机房",30/2,信息系统与管理工程系
社交网络及数字营销,MIS223,专业选修课,英文,邱琳,十三级制,3.0,"1-16周,星期二第7-8节 商学院206; 1-16周,星期三第7-8节 智华楼503机房",40/0,信息系统与管理工程系
大数据生态与存储计算,MIS300,专业核心课,双语,郭悦,十三级制,3.0,"1-16周,星期五第5-6节 商学院208; 1-16周,星期五第9-10节 智华楼501机房",30/2,信息系统与管理工程系
大数据管理与ERP,MIS302,专业选修课,英文,许婷,十三级制,3.0,"1-16周,星期一第9-10节 商学院207; 1-16周,星期三第9-10节 智华楼504机房",40/1,信息系统与管理工程系
大数据治理与商业模式,MIS303,专业必修课,双语,WEI HUANG,十三级制,3.0,"1-16周,星期四第3-4节 商学院225; 1-16周,星期四第7-8节 商学院225",40/2,信息系统与管理工程系
生产运作数据建模与分析,MIS407,专业核心课,双语,李垚,十三级制,3.0,"1-16周,星期二第5-6节 商学院225; 1-16周,星期二第9-10节 智华楼505机房",40/2,信息系统与管理工程系
材料科学与工程基础,MSE001,专业基础课,英文,卢周广,十三级制,3.0,"1-16周,星期一第3-4节 一教125; 1-15单周,星期三第3-4节 一教125",40/6,材料科学与工程系
材料科学与工程基础,MSE001,专业基础课,英文,郭传飞,十三级制,3.0,"1-16周,星期一第3-4节 一教426; 2-16双周,星期三第3-4节 一教426",40/2,材料科学与工程系
材料科学与工程基础,MSE001,专业基础课,英文,孙大陟,十三级制,3.0,"1-15单周,星期三第3-4节 一教324; 1-16周,星期五第3-4节 一教324",40/2,材料科学与工程系
材料科学与工程基础实验,MSE002,专业基础课,英文,"章剑波,王海鸥,李慧丽,李艳艳",十三级制,1.0,"2-16双周,星期一第5-8节 慧园2栋303B实验室",30/2,材料科学与工程系
材料科学与工程基础实验,MSE002,专业基础课,双语,"章剑波,王海鸥,李慧丽,李艳艳",十三级制,1.0,"2-16双周,星期二第5-8节 慧园2栋303B实验室",30/7,材料科学与工程系
奇幻材料,MSE103,专业选修课,双语,"王海鸥,李慧丽,李艳艳,章剑波",十三级制,1.0,"1-16周,星期五第3-4节 慧园2栋405B实验室",30/4,材料科学与工程系
晶体学,MSE203,专业基础课,双语,程春,十三级制,2.0,"1-16周,星期三第7-8节 一教305",30/9,材料科学与工程系
晶体学,MSE203,专业基础课,英文,程春,十三级制,2.0,"1-16周,星期五第5-6节 一教305",30/0,材料科学与工程系
工程电路与电子基础,MSE205,专业基础课,双语,何祝兵,十三级制,3.0,"1-15单周,星期二第3-4节 一教125; 1-16周,星期四第3-4节 一教125",60/9,材料科学与工程系
工程数学物理方法,MSE207,专业基础课,双语,李磊,十三级制,3.0,"1-15单周,星期一第5-6节 一教304; 1-16周,星期三第5-6节 一教304",30/4,材料科学与工程系
材料化学,MSE301,专业基础课,双语,田雷蕾,十三级制,3.0,"1-16周,星期一第1-2节 一教225; 1-15单周,星期四第1-2节 一教225",40/6,材料科学与工程系
材料化学,MSE301,专业基础课,双语,王金龙,十三级制,3.0,"1-16周,星期四第7-8节 一教226; 2-16双周,星期二第7-8节 一教226",40/6,材料科学与工程系
材料学综合实验I,MSE307,专业基础课,英文,"李慧丽,王海鸥,李艳艳,章剑波",十三级制,4.0,"1-16周,星期三第1-8节 慧园2栋407A实验室",25/6,材料科学与工程系
材料学综合实验I,MSE307,专业基础课,双语,"李慧丽,王海鸥,李艳艳,章剑波",十三级制,4.0,"1-16周,星期三第1-8节 慧园2栋407B实验室",25/3,材料科学与工程系
陶瓷材料,MSE317,专业核心课,英文,任富增,十三级制,3.0,"1-16周,星期五第3-4节 一教526; 2-16双周,星期二第3-4节 一教525",60/8,材料科学与工程系
金属材料A,MSE319,专业核心课,英文,叶飞,十三级制,3.0,"1-16周,星期一第9-10节 一教225; 1-15单周,星期三第9-10节 一教225",60/4,材料科学与工程系
金属材料A,MSE319,专业核心课,双语,罗光富,十三级制,3.0,"1-16周,星期四第5-6节 一教226; 2-16双周,星期二第5-6节 一教226",30/5,材料科学与工程系
有机功能材料,MSE325,专业选修课,双语,WANG HSINGLIN(王湘麟),十三级制,3.0,"1-16周,星期四第9-10节 一教326; 2-16双周,星期二第7-8节 一教326",40/2,材料科学与工程系
电化学基础,MSE332,专业选修课,英文,温瑞涛,十三级制,3.0,"1-15单周,星期二第3-4节 一教426; 1-16周,星期四第3-4节 一教526",40/4,材料科学与工程系
光电信息材料与器件综合实验I,MSE333,专业核心课,英文,"王海鸥,李慧丽,李艳艳,章剑波",十三级制,4.0,"1-16周,星期三第1-8节 慧园2栋407A实验室",15/1,材料科学与工程系
应用固体物理,MSE335,专业基础课,双语,邬家臻,十三级制,3.0,"1-16周,星期四第5-6节 一教426; 2-16双周,星期二第5-6节 一教426",40/3,材料科学与工程系
材料科学与工程高等实验I,MSE345,专业核心课,英文,"李艳艳,李慧丽",十三级制,1.0,"1-15单周,星期一第5-8节 慧园2栋405A实验室",25/3,材料科学与工程系
材料科学与工程高等实验I,MSE345,专业核心课,双语,"李艳艳,李慧丽",十三级制,1.0,"1-15单周,星期二第5-8节 慧园2栋405A实验室",25/4,材料科学与工程系
现代材料科学与技术前沿讲座,MSE347,专业选修课,双语,"韩晓东,王芳",十三级制,1.0,"1-15单周,星期一第7-8节 一教108",60/1,材料科学与工程系
电子信息材料与器件,MSE356,专业选修课,英文,钟锦辉,十三级制,3.0,"1-15单周,星期二第3-4节 一教403; 1-16周,星期五第1-2节 一教403",40/1,材料科学与工程系
显微学基础与技术,MSE359,专业选修课,英文,田原,十三级制,3.0,"1-15单周,星期二第1-2节 一教426; 1-16周,星期五第5-6节 一教426",30/0,材料科学与工程系
材料有限元基础与AI设计,MSE406,专业选修课,双语,罗光富,十三级制,3.0,"1-16周,星期一第5-6节 一教426; 1-15单周,星期四第9-10节 一教426",40/0,材料科学与工程系
先进薄膜制备技术,MSE407,专业选修课,英文,何振,十三级制,3.0,"1-16周,星期五第9-10节 一教325; 2-16双周,星期三第9-10节 一教325",40/4,材料科学与工程系
封装材料与技术,MSE410,专业选修课,双语,于严淏,十三级制,3.0,"1-16周,星期二第9-10节 一教304; 2-16双周,星期四第9-10节 一教304",40/3,材料科学与工程系
工程电路设计,MSE412,专业选修课,双语,"章剑波,王海鸥",十三级制,2.0,"1-16周,星期五第5-8节 慧园2栋303A实验室",20/0,材料科学与工程系
3D打印及激光先进制造,MSE413,专业选修课,英文,严明,十三级制,3.0,"1-16周,星期一第3-4节 一教403; 1-15单周,星期四第1-2节 一教403",40/3,材料科学与工程系
材料显微科学技术与应用前沿讲座,MSE416,专业选修课,双语,"韩晓东,安子冰,王芳",二级制,1.0,"2-16双周,星期一第7-8节 一教108",60/2,材料科学与工程系
量子硬件,NCE5007,专业选修课,中文,张浩,等级制,3.0,"1-16周,星期一第7-8节 智华楼406; 1-15单周,星期三第3-4节 智华楼406",40/0,半导体学院（国家卓越工程师学院）
海洋科学趣谈,OCE204,专业选修课,中文,范陆,十三级制,1.0,"1-15单周,星期三第3-4节 一教305",30/2,海洋科学与工程系
工程数学与数值计算,OCE214,专业基础课,双语,林观,十三级制,4.0,"1-16周,星期三第7-8节 一教304; 1-16周,星期五第3-4节 一教304",30/1,海洋科学与工程系
工程力学,OCE215,专业基础课,英文,JIAN FEI CHEN（陈建飞）,十三级制,4.0,"1-16周,星期二第3-4节 一教322; 1-16周,星期四第3-4节 一教322",30/1,海洋科学与工程系
海洋环境与灾害,OCE216,专业基础课,中文,余锡平,十三级制,2.0,"1-16周,星期三第9-10节 一教125",30/3,海洋科学与工程系
大气科学导论,OCE301,专业核心课,双语,李莹,十三级制,3.0,"1-15单周,星期一第3-4节 智华楼114; 1-16周,星期四第5-6节 智华楼114",20/0,海洋科学与工程系
化学海洋学,OCE307,专业核心课,双语,李芯芯,十三级制,3.0,"1-15单周,星期二第1-2节 一教125; 1-16周,星期四第1-2节 一教125",20/0,海洋科学与工程系
结构分析,OCE323,专业基础课,双语,侯超,十三级制,3.0,"1-16周,星期一第5-6节 一教125; 2-16双周,星期三第5-6节 一教125",30/1,海洋科学与工程系
土力学实验,OCE327,专业核心课,双语,"王誉泽,冯伟强,傅勇",十三级制,1.0,"1-15单周,星期二第5-8节 工学院南楼245",30/0,海洋科学与工程系
地球科学多维数据分析,OCE340,专业核心课,双语,展鹏,十三级制,3.0,"1-16周,星期一第7-8节 智华楼114; 1-15单周,星期三第5-6节 智华楼114",30/1,海洋科学与工程系
海洋工程规划与设计,OCE341,专业核心课,双语,李晔,十三级制,3.0,"1-16周,星期五第5-6节 一教403; 2-16双周,星期三第3-4节 一教403",30/1,海洋科学与工程系
工程管理与智能建造,OCE342,专业核心课,双语,傅勇,十三级制,3.0,"1-16周,星期四第9-10节 一教125; 2-16双周,星期二第9-10节 一教125",30/1,海洋科学与工程系
海洋地球物理学,OCE401,专业核心课,中文,杨挺,十三级制,3.0,"1-16周,星期二第5-6节 一教304; 2-16双周,星期五第1-2节 一教304",30/1,海洋科学与工程系
极端环境生命过程,OCE411,专业选修课,中文,范陆,十三级制,2.0,"1-16周,星期四第3-4节 一教304",30/0,海洋科学与工程系
生物同位素科学,OCE423,专业核心课,双语,周友平,十三级制,3.0,"1-16周,星期五第7-8节 一教403; 2-16双周,星期二第7-8节 一教403",30/0,海洋科学与工程系
综合物理实验,PHY201-15,专业基础课,双语,"王才林,杨珺,徐婷婷",十三级制,2.0,"1-2周,星期一第5-8节 一教526; 3-16周,星期一第5-8节 理学院P3117",60/1,物理系
综合物理实验,PHY201-15,专业基础课,双语,"王才林,邓冬梅,王晓峰,陈佶",十三级制,2.0,"1-2周,星期二第5-8节 一教526; 3-16周,星期二第5-8节 理学院P3117",60/3,物理系
数学物理方法,PHY203-15,专业基础课,双语,徐世庆,十三级制,4.0,"1-16周,星期三第7-8节 智华楼103; 1-16周,星期五第7-8节 智华楼103",80/7,物理系
热力学与统计物理I,PHY204,专业基础课,双语,岳长明,十三级制,3.0,"1-16周,星期三第9-10节 商学院101; 1-15单周,星期五第1-2节 商学院101",52/0,物理系
分析力学,PHY205-15,专业基础课,双语,梅佳伟,十三级制,3.0,"1-16周,星期一第3-4节 智华楼205; 1-15单周,星期三第5-6节 智华楼205",82/5,物理系
量子力学I,PHY206-15,专业基础课,双语,黄丽,十三级制,3.0,"1-16周,星期五第5-6节 智华楼302; 2-16双周,星期三第5-6节 智华楼302",50/1,物理系
电动力学I,PHY207-15,专业基础课,双语,黄明远,十三级制,3.0,"1-16周,星期五第3-4节 智华楼202; 2-16双周,星期三第3-4节 智华楼202",80/5,物理系
原子物理学,PHY210,专业基础课,双语,杨兵,十三级制,3.0,"1-16周,星期二第3-4节 商学院104; 2-16双周,星期四第3-4节 商学院104",80/8,物理系
数学物理方法（H）,PHY213,专业基础课,双语,王克东,十三级制,4.0,"1-16周,星期二第9-10节 智华楼105; 1-16周,星期四第9-10节 智华楼105",6/5,物理系
综合物理实验（H）,PHY231,专业基础课,双语,杨兵,十三级制,2.0,"1周,星期一第5-8节 智华楼113; 2-16周,星期一第5-8节 理学院PB1076实验室",5/1,物理系
研究型物理实验,PHY301,专业核心课,双语,"陈佶,杨珺,王才林,张欢,张贤高,邓冬梅,王晓峰,徐婷婷,邵明珍,曾孝奇,邵明珍,何佳清,杨珺",十三级制,3.0,"1-2周,星期四第3-8节 理学院P1078报告厅; 3-11周,星期四第3-8节 理学院P3118; 12-15周,星期四第3-8节 理学院P4079实验室; 16周,星期四第3-8节 一教326",80/11,物理系
统计物理II,PHY303,专业核心课,双语,许志芳,十三级制,3.0,"1-16周,星期一第5-6节 智华楼205; 2-16双周,星期三第5-6节 智华楼205",82/10,物理系
量子力学II,PHY305,专业核心课,双语,卢海舟,十三级制,3.0,"1-16周,星期一第3-4节 商学院104; 1-15单周,星期三第3-4节 商学院104",82/12,物理系
近代光学,PHY307,专业核心课,双语,陈洁菲,十三级制,3.0,"1-16周,星期一第7-8节 智华楼102; 1-15单周,星期三第5-6节 智华楼102",80/7,物理系
固体物理,PHY321-15,专业核心课,双语,徐虎,十三级制,4.0,"1-16周,星期二第3-4节 智华楼203; 1-16周,星期五第3-4节 智华楼203",82/10,物理系
亚原子物理前沿及交叉,PHY380,专业选修课,双语,柳卫平,十三级制,3.0,"1-16周,星期三第9-11节 智华楼104",50/1,物理系
量子信息,PHY441,专业选修课,双语,JINGYUN FAN（范靖云）,十三级制,3.0,"1-16周,星期三第7-8节 智华楼301; 1-15单周,星期五第5-6节 智华楼301",40/1,物理系
高等量子力学,PHY5001,专业基础课,英文,叶飞,等级制,4.0,"1-16周,星期一第7-8节 一教110; 1-16周,星期三第7-8节 一教107",120/7,物理系
高等统计物理,PHY5003,专业基础课,英文,叶飞,等级制,3.0,"1-16周,星期一第5-6节 一教227; 2-16双周,星期三第5-6节 一教227",60/6,物理系
高等固体物理,PHY5004,专业必修课,中文,孙煜杰,等级制,4.0,"1-16周,星期二第1-2节 智华楼205; 1-16周,星期四第1-2节 智华楼205",70/1,物理系
密度泛函方法和固态电子结构,PHY5009,专业核心课,中文,张文清,等级制,3.0,"1-15单周,星期一第3-4节 智华楼212; 1-16周,星期三第3-4节 智华楼212",30/0,物理系
薄膜物理,PHY5010,专业选修课,英文,王干,等级制,3.0,"1-15单周,星期三第5-6节 智华楼211; 1-16周,星期五第3-4节 智华楼211",30/3,物理系
先进电子显微学,PHY5013,专业选修课,英文,林君浩,等级制,3.0,"1-16周,星期二第7-8节 智华楼213; 2-16双周,星期四第7-10节 分析测试中心109实验室",30/0,物理系
量子场论导论,PHY5030,专业核心课,英文,SEBASTIAN GARCIA SAENZ,等级制,4.0,"1-16周,星期二第7-8节 智华楼308; 1-16周,星期五第3-4节 智华楼308",40/1,物理系
微纳结构加工,PHY5031,专业选修课,中文,何洪涛,等级制,2.0,"1-15单周,星期二第5-6节 智华楼211; 1-16周,星期五第5-6节 理学院P5092实验室",30/0,物理系
信息光学,PHY5055,专业选修课,中文,王取泉,等级制,3.0,"1-16周,星期二第5-6节 智华楼308; 1-15单周,星期五第5-6节 智华楼308",20/0,物理系
非线性光学原理,PHY5056,专业选修课,英文,戴亚南,等级制,3.0,"1-16周,星期五第3-4节 智华楼213; 2-16双周,星期二第3-4节 智华楼213",20/0,物理系
原子核物理实验方法,PHY5060,专业核心课,中文,陈洁,等级制,3.0,"1-16周,星期二第5-6节 智华楼212; 2-16双周,星期五第5-6节 智华楼212",30/0,物理系
凝聚态物理实用方法：从发现到发表,PHY5063,专业选修课,中文,殷嘉鑫,等级制,3.0,"1-16周,星期一第3-4节 智华楼310; 1-15单周,星期四第7-8节 智华楼310",30/0,物理系
复杂系统物理学：用于理解危机、创新、智能、生命与市场的理论框架、方法与机制,PHY5065,专业选修课,英文,DIDIER PAUL CHARLES ROBERT SORNETTE,等级制,4.0,"1-16周,星期二第3-4节 智华楼212; 1-16周,星期五第7-8节 智华楼212",30/3,物理系
物理中的群论,PHY5067,专业必修课,中文,刘奇航,等级制,3.0,"1-16周,星期三第9-11节 智华楼107",120/2,物理系
控制工程数学基础,SDM234,专业基础课,双语,徐翔,十三级制,4.0,"1-16周,星期一第7-8节 智华楼208; 1-16周,星期三第9-10节 智华楼208",130/14,自动化与智能制造学院
电子技术基础,SDM244,专业基础课,双语,"胡颀,尉进",十三级制,4.0,"1-16周,星期五第5-6节 创园10栋402; 主任务: 1-16周,星期二第5-6节 智华楼208; 2-16双周,星期五第1-2节 智华楼208",43/9,自动化与智能制造学院
电子技术基础,SDM244,专业基础课,双语,"胡颀,尉进",十三级制,4.0,"1-16周,星期五第7-8节 创园10栋402; 主任务: 1-16周,星期二第5-6节 智华楼208; 2-16双周,星期五第1-2节 智华楼208",43/1,自动化与智能制造学院
电子技术基础,SDM244,专业基础课,双语,尉进,十三级制,4.0,"1-16周,星期四第3-4节 创园10栋402; 主任务: 1-16周,星期二第5-6节 智华楼208; 2-16双周,星期五第1-2节 智华楼208",43/4,自动化与智能制造学院
信号与线性系统分析,SDM246,专业基础课,双语,周琳,十三级制,3.0,"1-16周,星期五第3-4节 一教107; 2-16双周,星期三第1-2节 一教107",130/13,自动化与智能制造学院
C/C++程序设计基础,SDM252,专业基础课,英文,刘涛,十三级制,3.0,"1-16周,星期三第5-6节 智华楼108; 1-16周,星期五第9-10节 智华楼508机房",130/20,自动化与智能制造学院
人工智能与机器学习,SDM274,专业基础课,双语,林志赟,十三级制,3.0,"1-16周,星期一第3-4节 一教111; 1-15单周,星期三第1-2节 一教111",88/14,自动化与智能制造学院
智能控制科学创新实践II,SDM302,实践,双语,陈园,十三级制,1.0,"1-16周,星期六第1-2节 无地点",100/17,自动化与智能制造学院
智能制造与设计,SDM313,专业核心课,双语,熊异,十三级制,3.0,"1-16周,星期三第7-8节 创园1栋303设计工作坊; 1-16周,星期三第9-10节 创园1栋303设计工作坊",40/2,自动化与智能制造学院
计算设计,SDM315,专业核心课,双语,岳天奇,十三级制,3.0,"1-16周,星期五第5-6节 创园1栋302学创大教室; 1-16周,星期五第7-8节 创园1栋302学创大教室",28/1,自动化与智能制造学院
产品质量管理,SDM322,专业基础课,双语,李洪飞,十三级制,3.0,"1-16周,星期一第5-6节 创园1栋303设计工作坊; 1-16周,星期五第9-10节 创园1栋303设计工作坊",40/1,自动化与智能制造学院
微机原理与嵌入式系统,SDM358,专业基础课,双语,"尉进,袁伟杰",十三级制,3.0,"1-16周,星期二第7-8节 创园10栋402; 主任务: 1-16周,星期一第9-10节 一教108",44/7,自动化与智能制造学院
微机原理与嵌入式系统,SDM358,专业基础课,双语,"尉进,袁伟杰",十三级制,3.0,"1-16周,星期二第9-10节 创园10栋402; 主任务: 1-16周,星期一第9-10节 一教108",44/8,自动化与智能制造学院
现代控制理论及应用,SDM364,专业核心课,双语,王莉莉,十三级制,3.0,"1-16周,星期二第5-6节 一教427; 2-16双周,星期四第5-6节 一教427",88/13,自动化与智能制造学院
凸优化及其在机器学习中的应用,SDM368,专业选修课,双语,吴旭阳,十三级制,3.0,"1-16周,星期一第7-8节 一教427; 2-16双周,星期三第5-6节 一教427",88/7,自动化与智能制造学院
大数据,SDM371,专业选修课,英文,郑晓晨,十三级制,3.0,"1-16周,星期二第1-2节 创园1栋303设计工作坊; 1-16周,星期二第3-4节 创园1栋303设计工作坊",30/2,自动化与智能制造学院
机器学习系统设计,SDM374,专业选修课,双语,王振坤,十三级制,3.0,"1-16周,星期四第7-8节 创园1栋303设计工作坊; 1-16周,星期四第9-10节 创园1栋303设计工作坊",30/8,自动化与智能制造学院
工程师设计基础,SDM398,专业选修课,英文,FRED HAN,十三级制,3.0,"1-16周,星期五第5-6节 创园1栋512; 1-16周,星期五第7-8节 创园1栋512",30/0,自动化与智能制造学院
先进传感器件与应用,SDM467,专业选修课,双语,杨素,十三级制,3.0,"1-16周,星期一第5-6节 一教404; 1-15单周,星期三第5-6节 一教404",30/4,自动化与智能制造学院
先进设计与制造系统,SDM474,专业选修课,双语,陈园,十三级制,3.0,"1-16周,星期一第7-8节 创园1栋303设计工作坊; 1-16周,星期一第9-10节 创园1栋303设计工作坊",40/1,自动化与智能制造学院
电路分析基础,SME105,专业基础课,双语,呼唤,十三级制,3.0,"1-16周,星期一第7-8节 一教327; 1-15单周,星期三第9-10节 一教327",70/7,深港微电子学院
电路分析基础,SME105,专业基础课,双语,宋爱民,十三级制,3.0,"1-16周,星期三第5-6节 一教301; 1-15单周,星期五第7-8节 一教301",70/5,深港微电子学院
电磁场与电磁波,SME205,专业基础课,双语,李毅,十三级制,3.0,"1-15单周,星期一第5-6节 智华楼108; 1-16周,星期四第5-6节 智华楼108",100/3,深港微电子学院
信号与系统,SME206,专业基础课,英文,李嘉敏,十三级制,3.0,"1-16周,星期一第9-10节 一教324; 1-16周,星期二第5-6节 智华楼510机房",40/9,深港微电子学院
信号与系统,SME206,专业基础课,双语,汪敬,十三级制,3.0,"1-16周,星期四第9-10节 一教108; 1-16周,星期五第1-2节 智华楼508机房",60/3,深港微电子学院
模拟集成电路,SME211,专业基础课,双语,刘欢,十三级制,4.0,"1-16周,星期三第1-2节 工学院北楼139; 主任务: 1-16周,星期一第5-6节 一教108; 2-16双周,星期三第3-4节 一教108",35/0,深港微电子学院
模拟集成电路,SME211,专业基础课,双语,刘欢,十三级制,4.0,"1-16周,星期三第7-8节 工学院北楼139; 主任务: 1-16周,星期一第5-6节 一教108; 2-16双周,星期三第3-4节 一教108",35/1,深港微电子学院
数字集成电路,SME212,专业基础课,双语,黄嘉炜,十三级制,4.0,"1-16周,星期二第9-10节 工学院北楼139; 主任务: 1-16周,星期二第3-4节 智华楼206; 1-15单周,星期五第5-6节 智华楼206",35/4,深港微电子学院
数字集成电路,SME212,专业基础课,双语,黄嘉炜,十三级制,4.0,"1-16周,星期四第3-4节 工学院北楼139; 主任务: 1-16周,星期二第3-4节 智华楼206; 1-15单周,星期五第5-6节 智华楼206",35/5,深港微电子学院
数字集成电路,SME212,专业基础课,双语,黄嘉炜,十三级制,4.0,"1-16周,星期五第3-4节 工学院北楼139; 主任务: 1-16周,星期二第3-4节 智华楼206; 1-15单周,星期五第5-6节 智华楼206",35/5,深港微电子学院
半导体材料物理,SME213,专业基础课,双语,崔德虎,十三级制,3.0,"1-16周,星期一第3-4节 一教427; 1-15单周,星期三第3-4节 一教427",60/2,深港微电子学院
半导体材料物理,SME213,专业基础课,双语,张保平,十三级制,3.0,"1-16周,星期二第7-8节 一教427; 2-16双周,星期五第5-6节 一教427",60/5,深港微电子学院
半导体器件物理,SME214,专业基础课,双语,"LI YIDA（李毅达）,蒋苓利",十三级制,3.0,"1-16周,星期三第5-6节 一教224; 1-16周,星期四第1-2节 智华楼505机房",40/1,深港微电子学院
半导体器件物理,SME214,专业基础课,双语,周菲迟,十三级制,3.0,"1-16周,星期四第7-8节 一教225; 1-16周,星期四第9-10节 智华楼505机房",40/2,深港微电子学院
微电子前沿讲座I,SME301,专业选修课,双语,高源,二级制,1.0,"2-16双周,星期五第5-6节 一科报告厅",150/7,深港微电子学院
微电子学创新实验I,SME303,专业选修课,双语,崔德虎,十三级制,1.0,"1-16周,星期六第1-2节 无地点",150/13,深港微电子学院
超大规模集成电路工艺原理,SME305,专业核心课,双语,蒋苓利,十三级制,3.0,"1-11,16周,星期二第3-4节 智华楼505机房; 12-15周,星期二第3-4节 检测中心-超净间; 主任务: 1-16周,星期一第7-8节 一教226",40/9,深港微电子学院
超大规模集成电路工艺原理,SME305,专业核心课,双语,蒋苓利,十三级制,3.0,"1-11,16周,星期三第7-8节 智华楼505机房; 12-15周,星期三第7-8节 检测中心-超净间; 主任务: 1-16周,星期二第3-4节 一教226",40/1,深港微电子学院
CMOS模拟集成电路设计,SME307,专业核心课,双语,潘权,十三级制,3.0,"1-16周,星期二第9-10节 智华楼501机房; 主任务: 1-16周,星期二第5-6节 智华楼206",90/15,深港微电子学院
CMOS模拟集成电路设计,SME307,专业核心课,双语,黄嘉炜,十三级制,3.0,"1-16周,星期四第9-10节 智华楼508机房; 主任务: 1-16周,星期二第5-6节 智华楼206",60/8,深港微电子学院
先进半导体工艺实践,SME308,专业选修课,中文,刘欢,十三级制,3.0,"1-2周,星期四第5-8节 工学院北楼139; 3-12周,星期四第5-8节 检测中心-超净间; 主任务: 1-12周,星期一第5-6节 一教322",12/6,深港微电子学院
先进半导体工艺实践,SME308,专业选修课,中文,刘欢,十三级制,3.0,"1-2周,星期五第1-4节 一教222; 3-12周,星期五第1-4节 检测中心-超净间; 主任务: 1-12周,星期一第5-6节 一教322",12/3,深港微电子学院
微型计算机处理器设计,SME309,专业核心课,双语,林龙扬,十三级制,3.0,"1-16周,星期三第9-10节 智华楼511机房; 主任务: 1-16周,星期三第3-4节 一教107",50/9,深港微电子学院
微型计算机处理器设计,SME309,专业核心课,双语,黄嘉炜,十三级制,3.0,"1-16周,星期五第7-8节 智华楼511机房; 主任务: 1-16周,星期三第3-4节 一教107",50/9,深港微电子学院
微型计算机处理器设计,SME309,专业核心课,双语,黄嘉炜,十三级制,3.0,"1-16周,星期五第9-10节 智华楼511机房; 主任务: 1-16周,星期三第3-4节 一教107",50/4,深港微电子学院
集成电路版图设计基础,SME311,专业选修课,双语,蒋苓利,十三级制,1.0,"1-8周,星期五第1-4节 智华楼505机房",45/3,深港微电子学院
微纳传感器设计,SME315,专业选修课,双语,王敏,十三级制,3.0,"1-16周,星期三第5-6节 一教108; 1-15单周,星期五第5-6节 一教108",70/6,深港微电子学院
片上系统集成电路设计,SME317,专业选修课,双语,安丰伟,十三级制,3.0,"1-16周,星期三第5-6节 一教506; 1-16周,星期三第7-8节 智华楼507机房",40/5,深港微电子学院
半导体器件及封装基础,SME319,专业核心课,双语,"崔德虎(代),逯瑶",十三级制,3.0,"1,3-16周,星期二第7-8节 一教301; 2周,星期二第7-8节 一教301; 2周,星期四第3-4节 一教301; 4-16双周,星期四第3-4节 一教301",60/11,深港微电子学院
氮化镓半导体材料与器件导论,SME321,专业核心课,双语,李携曦,十三级制,3.0,"1-16周,星期一第3-4节 一教327; 1-15单周,星期四第3-4节 一教327",100/16,深港微电子学院
微电子前沿讲座III,SME401,专业选修课,双语,高源,十三级制,1.0,"2-16双周,星期五第5-6节 一科报告厅",130/13,深港微电子学院
微电子学创新实验III,SME403,专业选修课,双语,崔德虎,十三级制,1.0,"1-16周,星期六第1-2节 无地点",100/8,深港微电子学院
高阶微波电路与系统设计,SME5025,专业选修课,英文,方小虎,等级制,3.0,"1-16周,星期一第5-6节 智华楼210; 2-16双周,星期四第5-6节 智华楼210",50/1,深港微电子学院
射频与微波系统设计,SME5029,专业选修课,英文,刘晓光,等级制,4.0,"1-16周,星期一第3-4节 一教123; 1-15单周,星期三第5-6节 一教123; 1-16周,星期三第9-10节 工学院北楼139",50/1,深港微电子学院
科学与工程类专利基础,SMES202,专业选修课,双语,张国飙,二级制,1.0,"2-16双周,星期五第7-8节 一教111",100/9,深港微电子学院
概率论基础,STA203,专业基础课,双语,张卓松,十三级制,3.0,"1-16周,星期一第5-6节 一教111; 1-15单周,星期三第5-6节 一教111",90/11,统计与数据科学系
离散数学及其应用,STA204,专业基础课,双语,胡延庆,十三级制,3.0,"1-15单周,星期二第9-10节 智华楼108; 1-16周,星期四第9-10节 智华楼108",110/12,统计与数据科学系
数据科学导论,STA218,专业选修课,双语,马一方,十三级制,3.0,"1-16周,星期三第9-10节 智华楼501机房; 主任务: 1-16周,星期三第7-8节 一教111",47/8,统计与数据科学系
数据科学导论,STA218,专业选修课,双语,宋安琪,十三级制,3.0,"1-16周,星期三第9-10节 商学院341实验室; 主任务: 1-16周,星期三第7-8节 一教111",50/1,统计与数据科学系
工程概率统计,STA219,专业选修课,双语,陶宇心,十三级制,3.0,"1-16周,星期三第7-8节 一教110; 1-15单周,星期五第7-8节 一教110",100/3,统计与数据科学系
人工智能前沿,STA304,专业核心课,双语,孔芳,十三级制,3.0,"1-16周,星期二第5-6节 一教327; 2-16双周,星期四第3-4节 一教327",100/13,统计与数据科学系
大语言模型的原理与应用,STA324,专业必修课,双语,杨林易,十三级制,3.0,"1-16周,星期五第7-8节 智华楼503机房; 主任务: 1-16周,星期五第5-6节 商学院207",30/7,统计与数据科学系
大语言模型的原理与应用,STA324,专业必修课,双语,宋安琪,十三级制,3.0,"1-16周,星期五第7-8节 智华楼502机房; 主任务: 1-16周,星期五第5-6节 商学院207",30/6,统计与数据科学系
广义线性模型,STA327,专业选修课,双语,CHEN XIN（陈欣）,十三级制,3.0,"1-16周,星期一第5-6节 商学院225; 2-16双周,星期三第5-6节 商学院225",30/1,统计与数据科学系
回归分析,STA329,专业核心课,双语,李挺,十三级制,3.0,"1-16周,星期四第5-6节 智华楼106; 2-16双周,星期一第9-10节 智华楼106",120/22,统计与数据科学系
高级自然语言处理,STA5007,专业选修课,中文,陈冠华,等级制,3.0,"1-16周,星期一第9-10节 智华楼208; 2-16双周,星期三第3-4节 智华楼108",130/2,统计与数据科学系
统计前沿选讲II,STA5102,专业选修课,中文,魏鸿鑫,等级制,3.0,"1-16周,星期一第5-6节 商学院341实验室; 2-16双周,星期三第5-6节 商学院341实验室",55/1,统计与数据科学系
